import time: self [us] | cumulative | imported package
import time:       782 |        782 |   _io
import time:       187 |        187 |   marshal
import time:      1137 |       1137 |   posix
import time:      2619 |       4723 | _frozen_importlib_external
import time:       468 |        468 |   time
import time:      1064 |       1531 | zipimport
import time:       307 |        307 |     _codecs
import time:      2461 |       2767 |   codecs
import time:      2050 |       2050 |   encodings.aliases
import time:      3364 |       8180 | encodings
import time:       895 |        895 | encodings.utf_8
import time:       370 |        370 | _signal
import time:       144 |        144 |       _abc
import time:       626 |        769 |     abc
import time:       186 |        186 |       _stat
import time:       350 |        535 |     stat
import time:      3602 |       3602 |     _collections_abc
import time:       274 |        274 |       errno
import time:       442 |        442 |       genericpath
import time:       652 |       1366 |     posixpath
import time:      1945 |       8216 |   os
import time:       422 |        422 |   _sitebuiltins
import time:      1433 |       1433 |   encodings.utf_8_sig
import time:      3504 |       3504 |   _distutils_hack
import time:       392 |        392 |   sitecustomize
import time:      4643 |      18607 | site
import time:       872 |        872 |   desktop_ui
import time:       192 |        192 |       _types
import time:      1101 |       1293 |     types
import time:       782 |        782 |       _weakrefset
import time:       358 |        358 |       itertools
import time:      1568 |       2707 |     weakref
import time:       841 |        841 |     copyreg
import time:      1151 |       5990 |   copy
import time:       797 |        797 |     io
import time:      2132 |       2132 |           keyword
import time:       522 |        522 |             _operator
import time:      2097 |       2618 |           operator
import time:      1277 |       1277 |           reprlib
import time:       375 |        375 |           _collections
import time:      3996 |      10396 |         collections
import time:       330 |        330 |         _functools
import time:      3870 |      14595 |       functools
import time:       325 |        325 |       _locale
import time:      2550 |      17469 |     locale
import time:      6478 |       6478 |       enum
import time:      2082 |       8560 |     signal
import time:       219 |        219 |       _contextvars
import time:      4179 |       4398 |     threading
import time:      2016 |       2016 |       _py_warnings
import time:      1093 |       3108 |     warnings
import time:      2737 |       2737 |     contextlib
import time:       341 |        341 |     fcntl
import time:       378 |        378 |     msvcrt
import time:       166 |        166 |     _posixsubprocess
import time:       227 |        227 |     select
import time:       351 |        351 |       math
import time:      2615 |       2965 |     selectors
import time:      2731 |      43872 |   subprocess
import time:      1274 |       1274 |   desktop_ui.constants
import time:       413 |        413 |           _winapi
import time:       280 |        280 |           nt
import time:       270 |        270 |           nt
import time:       243 |        243 |           nt
import time:       226 |        226 |           nt
import time:       239 |        239 |           nt
import time:       224 |        224 |           nt
import time:       224 |        224 |           nt
import time:      1925 |       4039 |         ntpath
import time:       450 |        450 |               _sre
import time:      3160 |       3160 |                 re._constants
import time:      2314 |       5474 |               re._parser
import time:       969 |        969 |               re._casefix
import time:      2211 |       9102 |             re._compiler
import time:      3052 |      12153 |           re
import time:      2183 |       2183 |           fnmatch
import time:      2489 |      16823 |         glob
import time:       471 |        471 |         pwd
import time:       238 |        238 |         grp
import time:       420 |        420 |           _winapi
import time:      2416 |       2835 |         pathlib._os
import time:      4013 |      28417 |       pathlib
import time:       396 |        396 |           binascii
import time:      1047 |       1047 |             importlib
import time:      1631 |       1631 |             importlib._abc
import time:       980 |       3657 |           importlib.util
import time:       449 |        449 |             zlib
import time:       859 |        859 |                 compression
import time:       648 |       1507 |               compression._common
import time:      1822 |       1822 |               compression._common._streams
import time:       271 |        271 |               _bz2
import time:      1533 |       5131 |             bz2
import time:       277 |        277 |               _lzma
import time:      1092 |       1368 |             lzma
import time:       287 |        287 |               _zstd
import time:      1001 |       1001 |               compression.zstd._zstdfile
import time:      2535 |       3821 |             compression.zstd
import time:      3321 |      14089 |           shutil
import time:       420 |        420 |             _struct
import time:       803 |       1223 |           struct
import time:      1379 |       1379 |             zipfile._path.glob
import time:      2526 |       3904 |           zipfile._path
import time:      4226 |      27493 |         zipfile
import time:      1822 |       1822 |         base64
import time:      4349 |       4349 |         textwrap
import time:      1095 |       1095 |           linecache
import time:       800 |        800 |             __future__
import time:      1075 |       1874 |           codeop
import time:      2236 |       2236 |             token
import time:       305 |        305 |             _tokenize
import time:      4650 |       7190 |           tokenize
import time:      3868 |       3868 |                     _ast
import time:      1302 |       5170 |                   ast
import time:      2187 |       7356 |                 annotationlib
import time:       196 |        196 |                     _opcode
import time:       850 |        850 |                     _opcode_metadata
import time:      1043 |       2088 |                   opcode
import time:      4108 |       6195 |                 dis
import time:       239 |        239 |                 importlib.machinery
import time:      6211 |      20000 |               inspect
import time:      2448 |      22447 |             dataclasses
import time:     18625 |      41071 |           _colorize
import time:      3530 |      54758 |         traceback
import time:       142 |        142 |               _bisect
import time:       663 |        804 |             bisect
import time:       127 |        127 |             _random
import time:      1826 |       2756 |           random
import time:      2608 |       5364 |         tempfile
import time:       182 |        182 |           _typing
import time:      8279 |       8460 |         typing
import time:      1067 |       1067 |           encodings.cp437
import time:       514 |        514 |           shibokensupport
import time:       444 |        444 |           shibokensupport.signature
import time:      4495 |       4495 |             shibokensupport.feature
import time:     17278 |      17278 |             shibokensupport.signature.mapping
import time:      4597 |       4597 |             shibokensupport.signature.errorhandler
import time:       511 |        511 |                   shibokensupport.signature.lib
import time:      3542 |       4053 |                 shibokensupport.signature.lib.tool
import time:     42855 |      46907 |               shibokensupport.signature.parser
import time:      8979 |      55886 |             shibokensupport.signature.layout
import time:      1986 |       1986 |               PySide6.support
import time:       815 |        815 |               PySide6.support.deprecated
import time:      1497 |       4297 |             shibokensupport.signature.importhandler
import time:      9736 |       9736 |             shibokensupport.signature.lib.enum_sig
import time:      1466 |       1466 |                 gettext
import time:      4520 |       5985 |               argparse
import time:       224 |        224 |                   _string
import time:      1413 |       1637 |                 string
import time:       267 |        267 |                 atexit
import time:      6146 |       8048 |               logging
import time:     41219 |      55252 |             shibokensupport.signature.lib.pyi_generator
import time:      3683 |     155219 |           shibokensupport.signature.loader
import time:     14442 |     171683 |         shiboken6.Shiboken
import time:      1526 |     275453 |       shiboken6
import time:      1966 |     305834 |     PySide6
import time:     32628 |      32628 |       PySide6.QtCore
import time:     13069 |      45697 |     PySide6.QtGui
import time:     22299 |     373828 |   PySide6.QtWidgets
import time:       747 |        747 |       app
import time:       671 |       1418 |     app.core
import time:       292 |        292 |         _heapq
import time:      4266 |       4557 |       heapq
import time:       337 |        337 |       _queue
import time:      8433 |      13326 |     queue
import time:      1021 |       1021 |         numpy.version
import time:       737 |        737 |         numpy._expired_attrs_2_0
import time:       829 |        829 |             numpy._utils._convertions
import time:      8535 |       9363 |           numpy._utils
import time:      5552 |      14915 |         numpy._globals
import time:       199 |        199 |           numpy._distributor_init_local
import time:       723 |        921 |         numpy._distributor_init
import time:       258 |        258 |                     _datetime
import time:      6447 |       6704 |                   datetime
import time:       992 |        992 |                   numpy.exceptions
import time:      4232 |       4232 |                   numpy._core._exceptions
import time:      1495 |       1495 |                     contextvars
import time:       902 |       2397 |                   numpy._core.printoptions
import time:       665 |        665 |                   numpy.dtypes
import time:     56533 |      71521 |                 numpy._core._multiarray_umath
import time:       605 |        605 |                   numpy._utils._inspect
import time:      4857 |       5462 |                 numpy._core.overrides
import time:      3454 |      80436 |               numpy._core.multiarray
import time:      3565 |       3565 |               numpy._core.umath
import time:      6034 |       6034 |                 numbers
import time:      4058 |       4058 |                 numpy._core._dtype
import time:       798 |        798 |                 numpy._core._string_helpers
import time:      4451 |       4451 |                 numpy._core._type_aliases
import time:      5148 |      20486 |               numpy._core.numerictypes
import time:      1163 |       1163 |                 numpy._core._ufunc_config
import time:      1204 |       1204 |                       _compat_pickle
import time:       614 |        614 |                       _pickle
import time:      6170 |       7987 |                     pickle
import time:      3489 |      11476 |                   numpy._core._methods
import time:     12793 |      24269 |                 numpy._core.fromnumeric
import time:      8119 |      33550 |               numpy._core._machar
import time:      3509 |       3509 |                   numpy._core.shape_base
import time:       760 |        760 |                   numpy._core._asarray
import time:     19472 |      19472 |                   numpy._core.arrayprint
import time:     19492 |      43232 |                 numpy._core.numeric
import time:      5445 |      48676 |               numpy._core.einsumfunc
import time:      1276 |       1276 |               numpy._core.function_base
import time:      8551 |       8551 |               numpy._core.getlimits
import time:      1038 |       1038 |               numpy._core.memmap
import time:      1620 |       1620 |               numpy._core.records
import time:     16860 |      16860 |               numpy._core._add_newdocs
import time:      2518 |       2518 |               numpy._core._add_newdocs_scalars
import time:       862 |        862 |               numpy._core._dtype_ctypes
import time:      5412 |       5412 |                   sysconfig
import time:      1024 |       1024 |                   _ctypes
import time:      5663 |       5663 |                   ctypes._endian
import time:     19342 |      31440 |                 ctypes
import time:     12215 |      43654 |               numpy._core._internal
import time:       739 |        739 |               numpy._pytesttester
import time:     25781 |     289603 |             numpy._core
import time:       133 |     289736 |           numpy._core._multiarray_umath
import time:      6682 |     296418 |         numpy.__config__
import time:      4360 |       4360 |                           numpy._typing._nbit_base
import time:      1182 |       1182 |                           numpy._typing._nested_sequence
import time:       672 |        672 |                           numpy._typing._shape
import time:     15485 |      21698 |                         numpy._typing._array_like
import time:      7375 |       7375 |                         numpy._typing._char_codes
import time:      6665 |       6665 |                         numpy._typing._dtype_like
import time:       746 |        746 |                         numpy._typing._nbit
import time:       681 |        681 |                         numpy._typing._scalars
import time:       499 |        499 |                         numpy._typing._ufunc
import time:     11245 |      48907 |                       numpy._typing
import time:      1290 |       1290 |                         numpy.lib._stride_tricks_impl
import time:      2506 |       3796 |                       numpy.lib._twodim_base_impl
import time:       565 |        565 |                         numpy.lib._array_utils_impl
import time:      1236 |       1801 |                       numpy.lib.array_utils
import time:      1409 |       1409 |                       numpy.linalg._umath_linalg
import time:     19705 |      75616 |                     numpy.linalg._linalg
import time:       580 |        580 |                     numpy.linalg.linalg
import time:      5639 |      81833 |                   numpy.linalg
import time:      5166 |      86999 |                 numpy.matrixlib.defmatrix
import time:      2309 |      89308 |               numpy.matrixlib
import time:      1513 |       1513 |                 numpy.lib._histograms_impl
import time:      5834 |       7346 |               numpy.lib._function_base_impl
import time:       638 |        638 |               numpy.lib.stride_tricks
import time:      7265 |     104556 |             numpy.lib._index_tricks_impl
import time:      5177 |     109732 |           numpy.lib._arraypad_impl
import time:      4305 |       4305 |           numpy.lib._arraysetops_impl
import time:       921 |        921 |           numpy.lib._arrayterator_impl
import time:      2526 |       2526 |           numpy.lib._nanfunctions_impl
import time:       319 |        319 |                     _wmi
import time:      3221 |       3540 |                   platform
import time:      2865 |       6405 |                 numpy.lib._utils_impl
import time:      1794 |       8198 |               numpy.lib._format_impl
import time:      1380 |       9578 |             numpy.lib.format
import time:      2883 |       2883 |             numpy.lib._datasource
import time:      1572 |       1572 |             numpy.lib._iotools
import time:      5841 |      19873 |           numpy.lib._npyio_impl
import time:       751 |        751 |               numpy.lib._ufunclike_impl
import time:      2145 |       2896 |             numpy.lib._type_check_impl
import time:      3450 |       6345 |           numpy.lib._polynomial_impl
import time:      2953 |       2953 |           numpy.lib._shape_base_impl
import time:       743 |        743 |           numpy.lib._version
import time:       496 |        496 |           numpy.lib.introspect
import time:       789 |        789 |           numpy.lib.mixins
import time:      2172 |       2172 |           numpy.lib.npyio
import time:      1199 |       1199 |             numpy.lib._scimath_impl
import time:      1474 |       2672 |           numpy.lib.scimath
import time:      5702 |     159223 |         numpy.lib
import time:       847 |        847 |         numpy._array_api_info
import time:     29069 |     503148 |       numpy
import time:       818 |        818 |           numpy.core._utils
import time:      1676 |       2494 |         numpy.core
import time:       827 |       3320 |       numpy.core.multiarray
import time:       861 |        861 |       cv2.load_config_py3
import time:       595 |        595 |       cv2.version
import time:      1163 |       1163 |       cv2.misc.version
import time:       593 |        593 |       cv2.mat_wrapper
import time:    207692 |     717368 |     cv2
import time:       945 |        945 |       PIL._version
import time:      1534 |       2478 |     PIL
import time:     16587 |      16587 |       PIL.ExifTags
import time:      2234 |       2234 |       PIL.ImageMode
import time:      3099 |       3099 |       PIL.TiffTags
import time:       844 |        844 |       PIL._binary
import time:       820 |        820 |       PIL._deprecate
import time:       661 |        661 |       PIL._util
import time:       377 |        377 |       defusedxml
import time:      3561 |       3561 |       PIL._imaging
import time:     15219 |      43398 |     PIL.Image
import time:       845 |        845 |       PIL.ImageColor
import time:       951 |        951 |           PIL._typing
import time:      3392 |       3392 |           PIL._imagingft
import time:      3698 |       8040 |         PIL.ImageFont
import time:      2824 |      10863 |       PIL.ImageText
import time:      1845 |      13553 |     PIL.ImageDraw
import time:      6344 |       6344 |     app.core.dto
import time:      1336 |       1336 |     app.core.interfaces
import time:       231 |        231 |       gc
import time:       550 |        550 |       app.core.vision_utils
import time:       579 |        579 |       app.core.ocr_corrector
import time:      6836 |       6836 |         typing_extensions
import time:      7533 |       7533 |         torch._utils
import time:       506 |        506 |             torch._strobelight
import time:       278 |        278 |                   _json
import time:      2485 |       2763 |                 json.scanner
import time:      2584 |       5347 |               json.decoder
import time:      1589 |       1589 |               json.encoder
import time:      2325 |       9260 |             json
import time:       819 |        819 |               _socket
import time:      7308 |       8127 |             socket
import time:       962 |        962 |               timeit
import time:      2686 |       3647 |             torch._strobelight.cli_function_profiler
import time:      5226 |      26764 |           torch._strobelight.compile_time_profiler
import time:      2024 |      28787 |         torch._utils_internal
import time:       477 |        477 |               torch._vendor
import time:      1080 |       1557 |             torch._vendor.packaging
import time:      1008 |       1008 |             torch._vendor.packaging._structures
import time:      7962 |      10526 |           torch._vendor.packaging.version
import time:       759 |        759 |           torch.version
import time:      2632 |      13916 |         torch.torch_version
import time:       173 |        173 |         torch._rocm_init
import time:      1078 |       1078 |           torch._opaque_base
import time:   1452075 |    1453153 |         torch._C
import time:       897 |        897 |           torch._namedtensor_internals
import time:     18586 |      18586 |           torch.overrides
import time:     13691 |      33173 |         torch._tensor
import time:      2045 |       2045 |           torch.types
import time:      5395 |       7440 |         torch.storage
import time:      1699 |       1699 |           torch.amp.autocast_mode
import time:      2110 |       2110 |           torch.amp.grad_scaler
import time:      3592 |       7400 |         torch.amp
import time:      1000 |       1000 |         torch.random
import time:      2791 |       2791 |           difflib
import time:      7118 |       7118 |           tarfile
import time:      1781 |       1781 |           torch._weights_only_unpickler
import time:      2163 |       2163 |           torch._sources
import time:       495 |        495 |           mmap
import time:     13227 |      27573 |         torch.serialization
import time:      4097 |       4097 |         torch._tensor_str
import time:      1343 |       1343 |           torch.cuda._device_limits
import time:      1114 |       1114 |           torch.cuda.gds
import time:       641 |        641 |               cuda
import time:       847 |        847 |                 cuda.bindings.utils._nvvm_utils
import time:      1877 |       1877 |                 cuda.bindings.utils._ptx_utils
import time:       582 |        582 |                 cuda.bindings.utils._version_check
import time:      3763 |       7067 |               cuda.bindings.utils
import time:       660 |        660 |               cuda.bindings._version
import time:     21730 |      30096 |             cuda.bindings
import time:      3761 |       3761 |                     cuda.bindings._bindings
import time:      6684 |      10445 |                   cuda.bindings._bindings.cydriver
import time:      6202 |      16646 |                 cuda.bindings.cydriver
import time:      6691 |       6691 |                   cuda.bindings._internal
import time:      2001 |       8692 |                 cuda.bindings._internal._fast_enum
import time:     93834 |     119170 |               cuda.bindings.driver
import time:      1943 |       1943 |                   cuda.bindings._bindings.cyruntime_ptds
import time:      4423 |       6365 |                 cuda.bindings._bindings.cyruntime
import time:       385 |        385 |                     cuda.pathfinder._binaries
import time:       546 |        546 |                     cuda.pathfinder._binaries.supported_nvidia_binaries
import time:       348 |        348 |                       cuda.pathfinder._utils
import time:       861 |       1208 |                     cuda.pathfinder._utils.env_vars
import time:      1996 |       1996 |                     cuda.pathfinder._utils.find_sub_dirs
import time:       934 |        934 |                     cuda.pathfinder._utils.platform_aware
import time:      3095 |       8161 |                   cuda.pathfinder._binaries.find_nvidia_binary_utility
import time:       315 |        315 |                     cuda.pathfinder._dynamic_libs
import time:      3383 |       3697 |                   cuda.pathfinder._dynamic_libs.load_dl_common
import time:      6691 |       6691 |                       cuda.pathfinder._dynamic_libs.descriptor_catalog
import time:      1661 |       8351 |                     cuda.pathfinder._dynamic_libs.lib_descriptor
import time:       920 |        920 |                           ctypes._layout
import time:      2312 |       3231 |                         ctypes.util
import time:     18611 |      21842 |                       cuda.pathfinder._dynamic_libs.load_dl_linux
import time:      1568 |      23410 |                     cuda.pathfinder._dynamic_libs.platform_loader
import time:       813 |        813 |                         cuda.pathfinder._dynamic_libs.supported_nvidia_libs
import time:      6373 |       7185 |                       cuda.pathfinder._dynamic_libs.search_platform
import time:      4858 |      12043 |                     cuda.pathfinder._dynamic_libs.search_steps
import time:      5005 |       5005 |                     cuda.pathfinder._dynamic_libs.subprocess_protocol
import time:      3652 |      52459 |                   cuda.pathfinder._dynamic_libs.load_nvidia_dynamic_lib
import time:       393 |        393 |                     cuda.pathfinder._headers
import time:      8324 |       8324 |                       cuda.pathfinder._headers.header_descriptor_catalog
import time:      1432 |       9755 |                     cuda.pathfinder._headers.header_descriptor
import time:      4218 |      14365 |                   cuda.pathfinder._headers.find_nvidia_headers
import time:       816 |        816 |                   cuda.pathfinder._headers.supported_nvidia_headers
import time:       351 |        351 |                     cuda.pathfinder._static_libs
import time:      4676 |       5027 |                   cuda.pathfinder._static_libs.find_bitcode_lib
import time:      4321 |       4321 |                   cuda.pathfinder._static_libs.find_static_lib
import time:       665 |        665 |                   cuda.pathfinder._version
import time:      6853 |      96359 |                 cuda.pathfinder
import time:      3051 |     105774 |               cuda.bindings.cyruntime
import time:     59293 |     284237 |             cuda.bindings.runtime
import time:     17969 |     332301 |           torch.cuda._utils
import time:      2573 |       2573 |           torch.cuda.graphs
import time:      1049 |       1049 |           torch.cuda.green_contexts
import time:      1585 |       1585 |           torch.cuda.streams
import time:       439 |        439 |           pynvml
import time:      1795 |       1795 |             torch.cuda._memory_viz
import time:      4590 |       6384 |           torch.cuda.memory
import time:       996 |        996 |           torch.cuda.random
import time:      1169 |       1169 |             torch.cuda.amp.autocast_mode
import time:       764 |        764 |             torch.cuda.amp.common
import time:       571 |        571 |             torch.cuda.amp.grad_scaler
import time:      1505 |       4007 |           torch.cuda.amp
import time:       685 |        685 |           torch.cuda.jiterator
import time:       536 |        536 |           torch.cuda.nvtx
import time:       501 |        501 |           torch.cuda.profiler
import time:       360 |        360 |           torch.cuda.sparse
import time:       640 |        640 |               concurrent
import time:      2744 |       2744 |               concurrent.futures._base
import time:       635 |        635 |               _interpreters
import time:      2588 |       6606 |             concurrent.futures
import time:      3036 |       3036 |                 multiprocessing.process
import time:       392 |        392 |                   array
import time:      2028 |       2419 |                 multiprocessing.reduction
import time:      2933 |       8387 |               multiprocessing.context
import time:      1114 |       9500 |             multiprocessing
import time:      1753 |      17858 |           torch.cuda.tunable
import time:     26277 |     398001 |         torch.cuda
import time:      1053 |       1053 |             torch.sparse._semi_structured_conversions
import time:       858 |        858 |             torch.sparse._semi_structured_ops
import time:      3592 |       5502 |           torch.sparse.semi_structured
import time:      2261 |       7762 |         torch.sparse
import time:       673 |        673 |         torch._compile
import time:       510 |        510 |         torch._VF
import time:      1702 |       1702 |               torch.nn.parameter
import time:      5219 |       5219 |                   torch._prims_common
import time:       961 |        961 |                       torch.utils.backcompat
import time:      5128 |       5128 |                       torch.utils.collect_env
import time:       473 |        473 |                                     torch.distributed._pycute.typing
import time:      1026 |       1499 |                                   torch.distributed._pycute.int_tuple
import time:       991 |        991 |                                   torch.distributed._pycute.layout
import time:      1334 |       3823 |                                 torch.distributed._pycute
import time:      2915 |       6738 |                               torch.distributed._mesh_layout
import time:      1009 |       1009 |                               torch.utils._typing_utils
import time:      4867 |       4867 |                                     _hashlib
import time:       291 |        291 |                                     _blake2
import time:      2103 |       7260 |                                   hashlib
import time:      1173 |       1173 |                                       unittest.util
import time:      2091 |       3264 |                                     unittest.result
import time:      1555 |       1555 |                                       pprint
import time:      5779 |       7333 |                                     unittest.case
import time:      1463 |       1463 |                                     unittest.suite
import time:      2660 |       2660 |                                     unittest.loader
import time:       700 |        700 |                                         unittest.signals
import time:      1974 |       2673 |                                       unittest.runner
import time:      2970 |       5643 |                                     unittest.main
import time:      5111 |      25472 |                                   unittest
import time:      8307 |      41038 |                                 torch.utils._config_module
import time:      2930 |      43968 |                               torch.distributed.config
import time:       965 |        965 |                                 torch.monitor
import time:       619 |        619 |                                   torch.distributed.logging_handlers
import time:      1473 |       2092 |                                 torch.distributed.c10d_logger
import time:       721 |        721 |                                 torch.distributed.constants
import time:       787 |        787 |                                     urllib
import time:      5611 |       5611 |                                     ipaddress
import time:      6182 |      12579 |                                   urllib.parse
import time:      2417 |      14995 |                                 torch.distributed.rendezvous
import time:       298 |        298 |                                   torchcomms
import time:        95 |        392 |                                 torchcomms._comms
import time:       215 |        215 |                                   torchcomms
import time:        55 |        269 |                                 torchcomms._backend_wrapper
import time:     11341 |      30773 |                               torch.distributed.distributed_c10d
import time:      9649 |      92135 |                             torch.distributed.device_mesh
import time:      1082 |       1082 |                             torch.distributed.remote_device
import time:     16809 |     110025 |                           torch.distributed
import time:      1369 |       1369 |                                           torch.utils.data.datapipes._hook_iterator
import time:      2484 |       3853 |                                         torch.utils.data.datapipes._typing
import time:       654 |        654 |                                           torch.utils._import_utils
import time:       514 |        514 |                                             torch.utils.data.datapipes.utils
import time:      1551 |       2065 |                                           torch.utils.data.datapipes.utils.common
import time:      2461 |       2461 |                                           torch.utils.data.dataset
import time:      6232 |      11410 |                                         torch.utils.data.datapipes.datapipe
import time:      2352 |      17614 |                                       torch.utils.data.datapipes._decorator
import time:       560 |        560 |                                         torch.utils.data.datapipes.dataframe.dataframe_wrapper
import time:       945 |       1504 |                                       torch.utils.data.datapipes.dataframe.structures
import time:      3050 |      22166 |                                     torch.utils.data.datapipes.dataframe.dataframes
import time:      2818 |       2818 |                                     torch.utils.data.datapipes.dataframe.datapipes
import time:      1838 |      26822 |                                   torch.utils.data.datapipes.dataframe
import time:      1177 |       1177 |                                           torch.utils.data._utils.collate
import time:       654 |        654 |                                           torch.utils.data._utils.fetch
import time:       716 |        716 |                                           torch.utils.data._utils.pin_memory
import time:       575 |        575 |                                           torch.utils.data._utils.signal_handling
import time:      8249 |       8249 |                                           torch.utils.data._utils.worker
import time:      1010 |      12379 |                                         torch.utils.data._utils
import time:        71 |      12450 |                                       torch.utils.data._utils.collate
import time:      2143 |      14592 |                                     torch.utils.data.datapipes.iter.callable
import time:      1851 |       1851 |                                       torch.utils.data.sampler
import time:      3094 |       4944 |                                     torch.utils.data.datapipes.iter.combinatorics
import time:      2857 |       2857 |                                     torch.utils.data.datapipes.iter.combining
import time:       849 |        849 |                                       torch.utils.data.datapipes.iter.utils
import time:      1577 |       2426 |                                     torch.utils.data.datapipes.iter.filelister
import time:       725 |        725 |                                     torch.utils.data.datapipes.iter.fileopener
import time:      1546 |       1546 |                                     torch.utils.data.datapipes.iter.grouping
import time:      1200 |       1200 |                                       torch.utils.data.datapipes.utils.decoder
import time:      2193 |       3392 |                                     torch.utils.data.datapipes.iter.routeddecoder
import time:      1230 |       1230 |                                     torch.utils.data.datapipes.iter.selecting
import time:      1443 |       1443 |                                     torch.utils.data.datapipes.iter.sharding
import time:       799 |        799 |                                     torch.utils.data.datapipes.iter.streamreader
import time:      5457 |      39405 |                                   torch.utils.data.datapipes.iter
import time:      1285 |       1285 |                                     torch.utils.data.datapipes.map.callable
import time:      1261 |       1261 |                                     torch.utils.data.datapipes.map.combinatorics
import time:      2205 |       2205 |                                     torch.utils.data.datapipes.map.combining
import time:      1168 |       1168 |                                     torch.utils.data.datapipes.map.grouping
import time:      1011 |       1011 |                                     torch.utils.data.datapipes.map.utils
import time:      3381 |      10308 |                                   torch.utils.data.datapipes.map
import time:       986 |      77520 |                                 torch.utils.data.datapipes
import time:        77 |      77597 |                               torch.utils.data.datapipes.iter
import time:        76 |      77673 |                             torch.utils.data.datapipes.iter.sharding
import time:       774 |        774 |                             torch.utils.data.graph
import time:      1617 |      80063 |                           torch.utils.data.graph_settings
import time:      2703 |     192790 |                         torch.utils.data.dataloader
import time:       918 |        918 |                         torch.utils.data.distributed
import time:      2353 |     196060 |                       torch.utils.data
import time:       514 |        514 |                       torch.utils.deterministic
import time:      1139 |       1139 |                       torch.utils.hooks
import time:      1102 |       1102 |                       torch.utils.backend_registration
import time:       423 |        423 |                       torch.utils.cpp_backtrace
import time:      1043 |       1043 |                       torch.utils.throughput_benchmark
import time:      3305 |     209672 |                     torch.utils
import time:       508 |        508 |                     torchgen
import time:      1634 |       1634 |                         torchgen.code_template
import time:     14934 |      16568 |                       torchgen.utils
import time:     60100 |      76667 |                     torchgen.model
import time:      4818 |     291663 |                   torch.utils._python_dispatch
import time:      7930 |     304811 |                 torch.nn.modules.module
import time:      1436 |       1436 |                         torch.distributed.autograd
import time:      1509 |       1509 |                           torch.futures
import time:       861 |        861 |                           torch.distributed.rpc._utils
import time:       808 |        808 |                           torch.distributed.rpc.constants
import time:      2102 |       2102 |                           torch.distributed.rpc.internal
import time:      6033 |      11310 |                         torch.distributed.rpc.api
import time:      2426 |       2426 |                         torch.distributed.rpc.backend_registry
import time:       496 |        496 |                         torch.distributed.rpc.functions
import time:      1078 |       1078 |                         torch.distributed.rpc.options
import time:       811 |        811 |                                     email
import time:      1303 |       1303 |                                     importlib.metadata._meta
import time:      1190 |       1190 |                                     importlib.metadata._collections
import time:       787 |        787 |                                     importlib.metadata._functools
import time:       565 |        565 |                                     importlib.metadata._itertools
import time:      5275 |       5275 |                                     importlib.abc
import time:     10385 |      20313 |                                   importlib.metadata
import time:       794 |        794 |                                             torch._functorch
import time:      1337 |       1337 |                                                 torch.utils._contextlib
import time:      3015 |       4352 |                                               torch.autograd.grad_mode
import time:      3066 |       7418 |                                             torch.autograd.forward_ad
import time:      3095 |      11307 |                                           torch._functorch.pyfunctorch
import time:      5185 |      16491 |                                         torch._ops
import time:      4792 |       4792 |                                         torch._library.utils
import time:      4254 |      25535 |                                       torch._library.autograd
import time:      2104 |       2104 |                                       torch._library.fake_impl
import time:      2403 |       2403 |                                         torch._library.effects
import time:      2271 |       4674 |                                       torch._library.simple_registry
import time:      1744 |       1744 |                                       torch._library.fake_class_registry
import time:      1061 |       1061 |                                         torch.utils._exposed_in
import time:      2939 |       2939 |                                         torch._library.custom_ops
import time:      4481 |       4481 |                                           torch._library.opaque_object
import time:      3008 |       7488 |                                         torch._library.infer_schema
import time:      3930 |      15417 |                                       torch._library.triton
import time:      2701 |      52173 |                                     torch._library
import time:       173 |      52346 |                                   torch._library.opaque_object
import time:     26167 |      98825 |                                 torch.utils._pytree
import time:      2593 |     101417 |                               torch._vmap_internals
import time:      2438 |       2438 |                               torch.autograd.functional
import time:       670 |        670 |                                 torch.autograd.variable
import time:      4277 |       4947 |                               torch.autograd.graph
import time:       627 |        627 |                               torch.autograd.anomaly_mode
import time:       419 |        419 |                                     torch._functorch.utils
import time:       765 |        765 |                                       torch._functorch.predispatch
import time:      1609 |       2373 |                                     torch._functorch.vmap
import time:      1453 |       4244 |                                   torch._functorch.apis
import time:      3547 |       7790 |                                 torch._functorch.autograd_function
import time:      2935 |      10724 |                               torch.autograd.function
import time:       936 |        936 |                                   torch.testing._utils
import time:       232 |        232 |                                     cmath
import time:      3605 |       3837 |                                   torch.testing._comparison
import time:      1164 |       1164 |                                   torch.testing._creation
import time:      3394 |       9329 |                                 torch.testing
import time:      2853 |      12181 |                               torch.autograd.gradcheck
import time:       211 |        211 |                                   _uuid
import time:      1652 |       1862 |                                 uuid
import time:      3569 |       3569 |                                 torch.autograd.profiler_util
import time:      7531 |      12961 |                               torch.autograd.profiler
import time:      9719 |     155012 |                             torch.autograd
import time:      1639 |     156651 |                           torch.autograd.profiler_legacy
import time:      1590 |     158240 |                         torch.distributed.rpc.server_process_global_profiler
import time:      5423 |     180407 |                       torch.distributed.rpc
import time:      3496 |       3496 |                                   pickletools
import time:       992 |        992 |                                   torch.package._digraph
import time:       735 |        735 |                                   torch.package._importlib
import time:       947 |        947 |                                   torch.package._mangling
import time:      1437 |       1437 |                                     torch.package.importer
import time:      1818 |       3254 |                                   torch.package._package_pickler
import time:       527 |        527 |                                   torch.package._stdlib
import time:       698 |        698 |                                   torch.package.find_file_dependencies
import time:       736 |        736 |                                   torch.package.glob_group
import time:     10187 |      21569 |                                 torch.package.package_exporter
import time:      1736 |      23305 |                               torch.package.analyze.find_first_use_of_broken_modules
import time:       499 |        499 |                               torch.package.analyze.trace_dependencies
import time:      1317 |      25119 |                             torch.package.analyze
import time:       401 |      25520 |                           torch.package.analyze.is_from_package
import time:       522 |        522 |                           torch.package.file_structure_representation
import time:       807 |        807 |                             torch.package._directory_reader
import time:       470 |        470 |                             torch.package._package_unpickler
import time:      3211 |       4487 |                           torch.package.package_importer
import time:      1929 |      32457 |                         torch.package
import time:       163 |      32619 |                       torch.package._mangling
import time:      1124 |       1124 |                       torch._awaits
import time:      3299 |     217447 |                     torch._jit_internal
import time:      5736 |       5736 |                     torch._torch_docs
import time:       586 |        586 |                     torch.nn._reduction
import time:       486 |        486 |                       torch.nn.modules.utils
import time:       816 |       1302 |                     torch.nn.grad
import time:     23055 |     248124 |                   torch.nn.functional
import time:      1233 |       1233 |                   torch.nn.init
import time:       974 |        974 |                   torch.nn.modules.lazy
import time:      2468 |     252798 |                 torch.nn.modules.linear
import time:      2857 |       2857 |                 torch.nn.modules.activation
import time:      3950 |       3950 |                   torch.nn.modules.container
import time:      2143 |       6092 |                 torch.nn.modules.adaptive
import time:      1211 |       1211 |                   torch.nn.modules._functions
import time:      2952 |       4162 |                 torch.nn.modules.batchnorm
import time:       618 |        618 |                 torch.nn.modules.channelshuffle
import time:      1092 |       1092 |                   torch.nn.common_types
import time:      2437 |       3529 |                 torch.nn.modules.conv
import time:       932 |        932 |                 torch.nn.modules.distance
import time:       895 |        895 |                 torch.nn.modules.dropout
import time:       737 |        737 |                 torch.nn.modules.flatten
import time:       895 |        895 |                 torch.nn.modules.fold
import time:      1403 |       1403 |                 torch.nn.modules.instancenorm
import time:      2953 |       2953 |                 torch.nn.modules.loss
import time:       995 |        995 |                 torch.nn.modules.normalization
import time:      1793 |       1793 |                 torch.nn.modules.padding
import time:       790 |        790 |                 torch.nn.modules.pixelshuffle
import time:      2208 |       2208 |                 torch.nn.modules.pooling
import time:       439 |        439 |                           torch.__future__
import time:     10208 |      10647 |                         torch.nn.utils.parametrize
import time:      2060 |      12706 |                       torch.nn.utils.parametrizations
import time:      1844 |       1844 |                       torch.nn.utils.rnn
import time:       794 |        794 |                         torch.nn.utils._named_member_accessor
import time:      1695 |       2489 |                       torch.nn.utils.stateless
import time:       694 |        694 |                         torch.utils._foreach_utils
import time:      1857 |       2551 |                       torch.nn.utils.clip_grad
import time:       573 |        573 |                       torch.nn.utils.convert_parameters
import time:      1056 |       1056 |                       torch.nn.utils.fusion
import time:       531 |        531 |                       torch.nn.utils.init
import time:       925 |        925 |                       torch.nn.utils.memory_format
import time:      1440 |       1440 |                       torch.nn.utils.spectral_norm
import time:      1192 |       1192 |                       torch.nn.utils.weight_norm
import time:      4130 |      29431 |                     torch.nn.utils
import time:       113 |      29544 |                   torch.nn.utils.rnn
import time:      7039 |      36583 |                 torch.nn.modules.rnn
import time:      1271 |       1271 |                 torch.nn.modules.sparse
import time:      1874 |       1874 |                 torch.nn.modules.transformer
import time:      1279 |       1279 |                 torch.nn.modules.upsampling
import time:     19586 |     649052 |               torch.nn.modules
import time:       695 |        695 |                     torch.backends.cpu
import time:      1396 |       1396 |                     torch.backends.cuda
import time:       788 |        788 |                       torch.backends.cudnn.rnn
import time:      1526 |       2313 |                     torch.backends.cudnn
import time:       571 |        571 |                     torch.backends.cusparselt
import time:       419 |        419 |                     torch.backends.kleidiai
import time:       460 |        460 |                     torch.backends.mha
import time:       559 |        559 |                     torch.backends.miopen
import time:       443 |        443 |                     torch.backends.mkl
import time:       951 |        951 |                     torch.backends.mkldnn
import time:      3494 |       3494 |                       torch.library
import time:      2288 |       5782 |                     torch.backends.mps
import time:       942 |        942 |                     torch.backends.nnpack
import time:       771 |        771 |                     torch.backends.openmp
import time:       291 |        291 |                       opt_einsum
import time:      1032 |       1322 |                     torch.backends.opt_einsum
import time:      1279 |       1279 |                     torch.backends.python_native
import time:       754 |        754 |                     torch.backends.quantized
import time:      3153 |      21801 |                   torch.backends
import time:        80 |      21880 |                 torch.backends.cuda
import time:      1186 |       1186 |                 torch.nn.attention._registry
import time:      2332 |       2332 |                 torch.nn.attention._fa3
import time:      2827 |       2827 |                 torch.nn.attention._fa4
import time:      2499 |      30722 |               torch.nn.attention
import time:       565 |        565 |                   torch.nn.parallel.parallel_apply
import time:       788 |        788 |                       torch.cuda.nccl
import time:       680 |       1468 |                     torch.nn.parallel.comm
import time:      1086 |       2553 |                   torch.nn.parallel.replicate
import time:      1133 |       1133 |                     torch.nn.parallel._functions
import time:      1264 |       2397 |                   torch.nn.parallel.scatter_gather
import time:      2699 |       8213 |                 torch.nn.parallel.data_parallel
import time:      1847 |       1847 |                       torch.distributed.algorithms.join
import time:      1349 |       3196 |                     torch.distributed.algorithms
import time:        97 |       3292 |                   torch.distributed.algorithms.join
import time:      1432 |       1432 |                   torch.distributed.utils
import time:      8548 |      13271 |                 torch.nn.parallel.distributed
import time:      3340 |      24823 |               torch.nn.parallel
import time:      1974 |     708271 |             torch.nn
import time:        71 |     708341 |           torch.nn.functional
import time:       628 |        628 |             torch._linalg_utils
import time:      1006 |       1634 |           torch._lowrank
import time:      6572 |     716546 |         torch.functional
import time:       693 |        693 |         torch.__config__
import time:       665 |        665 |           torch.accelerator._utils
import time:       858 |        858 |           torch.accelerator.graphs
import time:       758 |        758 |           torch.accelerator.memory
import time:      3901 |       6181 |         torch.accelerator
import time:       785 |        785 |             torch.cpu.amp.autocast_mode
import time:       800 |        800 |             torch.cpu.amp.grad_scaler
import time:      1305 |       2890 |           torch.cpu.amp
import time:      1686 |       4576 |         torch.cpu
import time:      2487 |       2487 |             torch.distributions.constraints
import time:      1309 |       1309 |               torch.distributions.utils
import time:      2044 |       3353 |             torch.distributions.distribution
import time:      7238 |      13076 |           torch.distributions.transforms
import time:       651 |        651 |             torch.distributions.exp_family
import time:      1605 |       2256 |           torch.distributions.bernoulli
import time:      1156 |       1156 |             torch.distributions.dirichlet
import time:      1454 |       2609 |           torch.distributions.beta
import time:       809 |        809 |           torch.distributions.binomial
import time:       749 |        749 |           torch.distributions.categorical
import time:       891 |        891 |           torch.distributions.cauchy
import time:       874 |        874 |             torch.distributions.gamma
import time:      1268 |       2141 |           torch.distributions.chi2
import time:      1112 |       1112 |           torch.distributions.constraint_registry
import time:      1024 |       1024 |           torch.distributions.continuous_bernoulli
import time:       622 |        622 |           torch.distributions.exponential
import time:       619 |        619 |           torch.distributions.fishersnedecor
import time:       626 |        626 |           torch.distributions.generalized_pareto
import time:      3414 |       3414 |           torch.distributions.geometric
import time:      1431 |       1431 |               torch.distributions.independent
import time:      3296 |       4726 |             torch.distributions.transformed_distribution
import time:      1362 |       1362 |             torch.distributions.uniform
import time:      2543 |       8630 |           torch.distributions.gumbel
import time:      1302 |       1302 |           torch.distributions.half_cauchy
import time:      1565 |       1565 |             torch.distributions.normal
import time:      1587 |       3152 |           torch.distributions.half_normal
import time:      1235 |       1235 |           torch.distributions.inverse_gamma
import time:      1321 |       1321 |             torch.distributions.laplace
import time:      1182 |       1182 |               torch.distributions.multivariate_normal
import time:      2394 |       3575 |             torch.distributions.lowrank_multivariate_normal
import time:      1326 |       1326 |             torch.distributions.one_hot_categorical
import time:      1150 |       1150 |             torch.distributions.pareto
import time:      1098 |       1098 |             torch.distributions.poisson
import time:      6096 |      14564 |           torch.distributions.kl
import time:       948 |        948 |           torch.distributions.kumaraswamy
import time:       818 |        818 |           torch.distributions.lkj_cholesky
import time:       745 |        745 |           torch.distributions.log_normal
import time:       627 |        627 |           torch.distributions.logistic_normal
import time:      1786 |       1786 |           torch.distributions.mixture_same_family
import time:      1522 |       1522 |           torch.distributions.multinomial
import time:      1340 |       1340 |           torch.distributions.negative_binomial
import time:       926 |        926 |           torch.distributions.relaxed_bernoulli
import time:       815 |        815 |           torch.distributions.relaxed_categorical
import time:       609 |        609 |           torch.distributions.studentT
import time:       696 |        696 |                 torch.jit._builtins
import time:      3973 |       4669 |               torch.jit._async
import time:       844 |        844 |               torch.jit._await
import time:      1133 |       1133 |               torch.jit._decomposition_utils
import time:       765 |        765 |                   torch._classes
import time:       903 |        903 |                   torch.jit._fuser
import time:       238 |        238 |                     monkeytype
import time:       905 |       1142 |                   torch.jit._monkeytype_config
import time:      1256 |       1256 |                     torch.jit._check
import time:      1231 |       1231 |                     torch.jit._state
import time:      3561 |       3561 |                       torch.jit.annotations
import time:       986 |        986 |                       torch.jit._dataclass_impls
import time:      5336 |       9881 |                     torch.jit.frontend
import time:      5920 |      18286 |                   torch.jit._recursive
import time:      1216 |       1216 |                   torch.jit._serialization
import time:     10172 |      32482 |                 torch.jit._script
import time:      3031 |      35513 |               torch.jit._freeze
import time:      1112 |       1112 |               torch.jit._ir_utils
import time:      4439 |       4439 |               torch.jit._trace
import time:      5869 |      53575 |             torch.jit
import time:      1793 |      55368 |           torch.distributions.von_mises
import time:      1037 |       1037 |           torch.distributions.weibull
import time:      1090 |       1090 |           torch.distributions.wishart
import time:     14974 |     141421 |         torch.distributions
import time:      1409 |       1409 |         torch.fft
import time:       838 |        838 |             urllib.response
import time:      1300 |       2137 |           urllib.error
import time:      2713 |       2713 |               http
import time:      1418 |       1418 |                   email.errors
import time:       731 |        731 |                       email.quoprimime
import time:       563 |        563 |                       email.base64mime
import time:       571 |        571 |                           quopri
import time:      1222 |       1792 |                         email.encoders
import time:      1557 |       3349 |                       email.charset
import time:      2954 |       7595 |                     email.header
import time:      1479 |       1479 |                       email._parseaddr
import time:      3718 |       5196 |                     email.utils
import time:      4102 |      16893 |                   email._policybase
import time:      3261 |      21571 |                 email.feedparser
import time:      2818 |      24389 |               email.parser
import time:      1468 |       1468 |                 email._encoded_words
import time:       582 |        582 |                 email.iterators
import time:      3868 |       5917 |               email.message
import time:      3050 |       3050 |                 _ssl
import time:      8797 |      11847 |               ssl
import time:      6446 |      51310 |             http.client
import time:      5184 |      56493 |           urllib.request
import time:       991 |        991 |             tqdm._monitor
import time:       449 |        449 |             tqdm._tqdm_pandas
import time:       227 |        227 |                   unicodedata
import time:       247 |        247 |                   envwrap
import time:      1835 |       2308 |                 tqdm.utils
import time:      4090 |       6398 |               tqdm.std
import time:       692 |        692 |                   importlib.metadata._text
import time:      1589 |       2280 |                 importlib.metadata._adapters
import time:      9762 |      12041 |               tqdm.version
import time:      3715 |      22152 |             tqdm.cli
import time:      1257 |       1257 |             tqdm.gui
import time:      3319 |      28167 |           tqdm
import time:      5034 |      91830 |         torch.hub
import time:      1477 |       1477 |         torch.linalg
import time:      1325 |       1325 |           torch.mps.profiler
import time:       901 |        901 |           torch.mps.event
import time:      2602 |       4827 |         torch.mps
import time:       565 |        565 |           torch._environment
import time:       717 |        717 |           torch.mtia._utils
import time:      1713 |       1713 |           torch.mtia.memory
import time:       988 |        988 |           torch.mtia.mtia_graph
import time:      3578 |       7559 |         torch.mtia
import time:      1328 |       1328 |             multiprocessing.util
import time:      1439 |       1439 |             multiprocessing.resource_sharer
import time:      2050 |       4816 |           torch.multiprocessing.reductions
import time:       190 |        190 |               _multiprocessing
import time:       228 |        228 |               _winapi
import time:      2288 |       2704 |             multiprocessing.connection
import time:      1557 |       1557 |             concurrent.futures.thread
import time:      1854 |       6114 |           torch.multiprocessing.spawn
import time:       571 |        571 |               runpy
import time:      1132 |       1703 |             multiprocessing.spawn
import time:       338 |        338 |             _posixshmem
import time:     11647 |      13687 |           multiprocessing.resource_tracker
import time:      3143 |      27759 |         torch.multiprocessing
import time:       659 |        659 |             torch.nested._internal
import time:      1065 |       1065 |                       torch.fx._compatibility
import time:      2637 |       3702 |                     torch.fx.immutable_collections
import time:       464 |        464 |                           torch.fx.experimental
import time:      3361 |       3361 |                           torch.fx.experimental._config
import time:      1141 |       1141 |                             torch.utils._dtype_abbrs
import time:      2425 |       2425 |                               torch.return_types
import time:      1033 |       3458 |                             torch.fx._pytree
import time:       315 |        315 |                                 torch.utils._inspect
import time:      2577 |       2891 |                               torch.fx.operator_schemas
import time:     21387 |      24277 |                             torch.fx.node
import time:     11092 |      39967 |                           torch.fx.graph
import time:      4207 |      47996 |                         torch.fx.graph_module
import time:      1975 |      49971 |                       torch.fx._lazy_graph_module
import time:      2398 |       2398 |                         torch.fx.traceback
import time:      2433 |       2433 |                               pkgutil
import time:      1080 |       1080 |                               torch._logging.structured
import time:      1349 |       1349 |                                       asyncio.constants
import time:      1271 |       1271 |                                       asyncio.coroutines
import time:      1790 |       1790 |                                         asyncio.format_helpers
import time:       649 |        649 |                                           asyncio.base_futures
import time:       929 |        929 |                                           asyncio.exceptions
import time:       801 |        801 |                                           asyncio.base_tasks
import time:       865 |       3242 |                                         _asyncio
import time:      3080 |       8111 |                                       asyncio.events
import time:      1208 |       1208 |                                       asyncio.futures
import time:       807 |        807 |                                       asyncio.protocols
import time:      1250 |       1250 |                                         asyncio.transports
import time:       497 |        497 |                                         asyncio.log
import time:      4223 |       5969 |                                       asyncio.sslproto
import time:       793 |        793 |                                           asyncio.mixins
import time:      2399 |       3192 |                                         asyncio.locks
import time:      1426 |       1426 |                                           asyncio.queues
import time:      1161 |       1161 |                                           asyncio.timeouts
import time:      2192 |       4777 |                                         asyncio.tasks
import time:       987 |       8955 |                                       asyncio.staggered
import time:       557 |        557 |                                       asyncio.trsock
import time:      5357 |      33581 |                                     asyncio.base_events
import time:      5128 |       5128 |                                     asyncio.graph
import time:      1386 |       1386 |                                     asyncio.runners
import time:      2878 |       2878 |                                     asyncio.streams
import time:      1086 |       1086 |                                     asyncio.subprocess
import time:       620 |        620 |                                     asyncio.taskgroups
import time:       692 |        692 |                                     asyncio.threads
import time:      1160 |       1160 |                                       asyncio.base_subprocess
import time:      2368 |       2368 |                                       asyncio.selector_events
import time:      3189 |       6717 |                                     asyncio.unix_events
import time:     11215 |      63298 |                                   asyncio
import time:      6176 |      69473 |                                 unittest.mock
import time:      1256 |       1256 |                                 torch.utils._ordered_set
import time:       749 |        749 |                                 torch.utils._traceback
import time:      1192 |       1192 |                                 torch.utils.weak
import time:     33637 |     106306 |                               torch._guards
import time:     10721 |     120538 |                             torch._logging._internal
import time:      2437 |     122975 |                           torch._logging._registrations
import time:       774 |     123748 |                         torch._logging
import time:      4824 |     130969 |                       torch.fx.proxy
import time:      7872 |     188811 |                     torch.fx._symbolic_trace
import time:       527 |        527 |                       torch.fx.config
import time:      3054 |       3580 |                     torch.fx.interpreter
import time:      4298 |       4298 |                     torch.fx.subgraph_rewriter
import time:      4816 |     205205 |                   torch.fx
import time:       134 |     205339 |                 torch.fx.experimental
import time:       875 |     206214 |               torch.fx.experimental._constant_symnode
import time:      1372 |     207585 |             torch.nested._internal.nested_int
import time:      2358 |     210601 |           torch.nested._internal.nested_tensor
import time:      1739 |     212339 |         torch.nested
import time:      2023 |       2023 |             torch.optim.optimizer
import time:      4990 |       7013 |           torch.optim.lr_scheduler
import time:      3445 |       3445 |           torch.optim.swa_utils
import time:      1574 |       1574 |           torch.optim._adafactor
import time:      1147 |       1147 |           torch.optim._muon
import time:      1240 |       1240 |           torch.optim.adadelta
import time:       991 |        991 |           torch.optim.adagrad
import time:      2643 |       2643 |           torch.optim.adam
import time:      1237 |       1237 |           torch.optim.adamax
import time:       744 |        744 |           torch.optim.adamw
import time:      1180 |       1180 |           torch.optim.asgd
import time:       920 |        920 |           torch.optim.lbfgs
import time:      1257 |       1257 |           torch.optim.nadam
import time:      1406 |       1406 |           torch.optim.radam
import time:      1249 |       1249 |           torch.optim.rmsprop
import time:      1308 |       1308 |           torch.optim.rprop
import time:       980 |        980 |           torch.optim.sgd
import time:       755 |        755 |             torch.optim._functional
import time:       922 |       1676 |           torch.optim.sparse_adam
import time:     11380 |      41381 |         torch.optim
import time:      2943 |       2943 |             gzip
import time:      7878 |       7878 |               torch.profiler._utils
import time:     12553 |      20431 |             torch.profiler._memory_profiler
import time:      6333 |      29705 |           torch.profiler.profiler
import time:       753 |        753 |           torch.profiler.itt
import time:      3865 |      34322 |         torch.profiler
import time:      1257 |       1257 |         torch.special
import time:       594 |        594 |           torch.xpu._utils
import time:      1812 |       1812 |           torch.xpu.graphs
import time:       994 |        994 |           torch.xpu.streams
import time:      3067 |       3067 |           torch.xpu.memory
import time:      2485 |       2485 |           torch.xpu.random
import time:      5051 |      14000 |         torch.xpu
import time:      1282 |       1282 |             torch.signal.windows.windows
import time:      1155 |       2437 |           torch.signal.windows
import time:       725 |       3161 |         torch.signal
import time:       428 |        428 |         torch.ao
import time:       472 |        472 |             torch.ao.nn
import time:      2962 |       2962 |               torch.ao.nn.intrinsic.modules.fused
import time:      1368 |       4329 |             torch.ao.nn.intrinsic.modules
import time:       893 |       5693 |           torch.ao.nn.intrinsic
import time:      1054 |       1054 |             torch.nn.intrinsic.modules.fused
import time:      1507 |       2560 |           torch.nn.intrinsic.modules
import time:      1077 |       1077 |                           torch.ao.nn.qat.modules.conv
import time:       901 |        901 |                           torch.ao.nn.qat.modules.embedding_ops
import time:       856 |        856 |                           torch.ao.nn.qat.modules.linear
import time:      1800 |       4632 |                         torch.ao.nn.qat.modules
import time:       534 |       5166 |                       torch.ao.nn.qat
import time:      2117 |       7282 |                     torch.ao.nn.intrinsic.qat.modules.conv_fused
import time:      1081 |       1081 |                     torch.ao.nn.intrinsic.qat.modules.linear_fused
import time:       759 |        759 |                     torch.ao.nn.intrinsic.qat.modules.linear_relu
import time:      1750 |      10871 |                   torch.ao.nn.intrinsic.qat.modules
import time:       649 |      11520 |                 torch.ao.nn.intrinsic.qat
import time:       667 |      12186 |               torch.nn.intrinsic.qat.modules.conv_fused
import time:       533 |        533 |               torch.nn.intrinsic.qat.modules.linear_fused
import time:       506 |        506 |               torch.nn.intrinsic.qat.modules.linear_relu
import time:      1158 |      14382 |             torch.nn.intrinsic.qat.modules
import time:       659 |      15041 |           torch.nn.intrinsic.qat
import time:      1060 |       1060 |                                       torch.ao.nn.quantizable.modules.activation
import time:      2441 |       2441 |                                       torch.ao.nn.quantizable.modules.rnn
import time:      2299 |       5799 |                                     torch.ao.nn.quantizable.modules
import time:       609 |       6408 |                                   torch.ao.nn.quantizable
import time:      1559 |       1559 |                                   torch.ao.nn.quantized.modules.activation
import time:       923 |        923 |                                   torch.ao.nn.quantized.modules.batchnorm
import time:       657 |        657 |                                     torch.ao.nn.quantized.modules.utils
import time:      2410 |       3066 |                                   torch.ao.nn.quantized.modules.conv
import time:       512 |        512 |                                   torch.ao.nn.quantized.modules.dropout
import time:       930 |        930 |                                   torch.ao.nn.quantized.modules.embedding_ops
import time:       871 |        871 |                                   torch.ao.nn.quantized.modules.functional_modules
import time:      1015 |       1015 |                                   torch.ao.nn.quantized.modules.linear
import time:      1034 |       1034 |                                   torch.ao.nn.quantized.modules.normalization
import time:       725 |        725 |                                   torch.ao.nn.quantized.modules.rnn
import time:      5689 |      22727 |                                 torch.ao.nn.quantized.modules
import time:       132 |      22859 |                               torch.ao.nn.quantized.modules.utils
import time:      2175 |      25034 |                             torch.ao.nn.quantized.functional
import time:      1488 |      26522 |                           torch.ao.nn.quantized
import time:      1360 |      27881 |                         torch.ao.nn.intrinsic.quantized.modules.bn_relu
import time:      1180 |       1180 |                         torch.ao.nn.intrinsic.quantized.modules.conv_add
import time:      1123 |       1123 |                         torch.ao.nn.intrinsic.quantized.modules.conv_relu
import time:       937 |        937 |                         torch.ao.nn.intrinsic.quantized.modules.linear_relu
import time:      2012 |      33131 |                       torch.ao.nn.intrinsic.quantized.modules
import time:       867 |      33997 |                     torch.ao.nn.intrinsic.quantized
import time:     10366 |      10366 |                             torch.ao.nn.quantized.dynamic.modules.conv
import time:      1303 |       1303 |                             torch.ao.nn.quantized.dynamic.modules.linear
import time:      2287 |       2287 |                             torch.ao.nn.quantized.dynamic.modules.rnn
import time:      3790 |      17744 |                           torch.ao.nn.quantized.dynamic.modules
import time:       563 |      18306 |                         torch.ao.nn.quantized.dynamic
import time:       810 |      19116 |                       torch.ao.nn.intrinsic.quantized.dynamic.modules.linear_relu
import time:       739 |      19854 |                     torch.ao.nn.intrinsic.quantized.dynamic.modules
import time:       920 |      54771 |                   torch.ao.nn.intrinsic.quantized.dynamic
import time:       664 |      55434 |                 torch.nn.intrinsic.quantized.dynamic.modules.linear_relu
import time:      1562 |      56995 |               torch.nn.intrinsic.quantized.dynamic.modules
import time:       953 |      57948 |             torch.nn.intrinsic.quantized.dynamic
import time:       664 |        664 |               torch.nn.intrinsic.quantized.modules.bn_relu
import time:       452 |        452 |               torch.nn.intrinsic.quantized.modules.conv_relu
import time:       488 |        488 |               torch.nn.intrinsic.quantized.modules.linear_relu
import time:      1193 |       2795 |             torch.nn.intrinsic.quantized.modules
import time:       831 |      61573 |           torch.nn.intrinsic.quantized
import time:      1193 |      86058 |         torch.nn.intrinsic
import time:      1010 |       1010 |                         torch.ao.nn.qat.dynamic.modules.linear
import time:      1254 |       2263 |                       torch.ao.nn.qat.dynamic.modules
import time:       772 |       3035 |                     torch.ao.nn.qat.dynamic
import time:        77 |       3112 |                   torch.ao.nn.qat.dynamic.modules
import time:       106 |       3218 |                 torch.ao.nn.qat.dynamic.modules.linear
import time:       976 |       4194 |               torch.nn.qat.dynamic.modules.linear
import time:      1182 |       5376 |             torch.nn.qat.dynamic.modules
import time:       989 |       6365 |           torch.nn.qat.dynamic
import time:       493 |        493 |             torch.nn.qat.modules.conv
import time:       321 |        321 |             torch.nn.qat.modules.embedding_ops
import time:       349 |        349 |             torch.nn.qat.modules.linear
import time:      1044 |       2206 |           torch.nn.qat.modules
import time:       951 |       9521 |         torch.nn.qat
import time:       439 |        439 |           torch.nn.quantizable.modules
import time:       535 |        974 |         torch.nn.quantizable
import time:       544 |        544 |           torch.nn.quantized.dynamic
import time:       999 |        999 |           torch.nn.quantized.functional
import time:       557 |        557 |           torch.nn.quantized.modules
import time:       893 |       2992 |         torch.nn.quantized
import time:       401 |        401 |         torch._size_docs
import time:       352 |        352 |         torch._storage_docs
import time:      3097 |       3097 |         torch._tensor_docs
import time:       972 |        972 |                       torch.ao.quantization.quant_type
import time:      2157 |       3128 |                     torch.ao.quantization.utils
import time:     14840 |      17968 |                   torch.ao.quantization.observer
import time:      3880 |      21847 |                 torch.ao.quantization.fake_quantize
import time:       846 |        846 |                   torch.ao.quantization.fuser_method_mappings
import time:      1403 |       2248 |                 torch.ao.quantization.fuse_modules
import time:      2129 |       2129 |                 torch.ao.quantization.qconfig
import time:      1119 |       1119 |                 torch.ao.quantization.qconfig_mapping
import time:       764 |        764 |                         torch.ao.nn.quantized.reference.modules.utils
import time:      1919 |       2683 |                       torch.ao.nn.quantized.reference.modules.conv
import time:      1091 |       1091 |                       torch.ao.nn.quantized.reference.modules.linear
import time:      2303 |       2303 |                       torch.ao.nn.quantized.reference.modules.rnn
import time:       903 |        903 |                       torch.ao.nn.quantized.reference.modules.sparse
import time:      2420 |       9397 |                     torch.ao.nn.quantized.reference.modules
import time:       664 |      10060 |                   torch.ao.nn.quantized.reference
import time:      1318 |       1318 |                           torch.ao.nn.sparse.quantized.linear
import time:       935 |        935 |                           torch.ao.nn.sparse.quantized.utils
import time:      3372 |       5624 |                         torch.ao.nn.sparse.quantized.dynamic.linear
import time:       875 |       6499 |                       torch.ao.nn.sparse.quantized.dynamic
import time:      1095 |       7593 |                     torch.ao.nn.sparse.quantized
import time:       693 |       8286 |                   torch.ao.nn.sparse
import time:      1414 |       1414 |                   torch.ao.quantization.stubs
import time:      2595 |      22354 |                 torch.ao.quantization.quantization_mappings
import time:      1404 |       1404 |                 torch.ao.quantization.quantize
import time:       841 |        841 |                 torch.ao.quantization.quantize_jit
import time:      6785 |      58725 |               torch.ao.quantization
import time:       132 |      58857 |             torch.ao.quantization.fake_quantize
import time:       791 |      59648 |           torch.quantization.fake_quantize
import time:       773 |        773 |           torch.quantization.fuse_modules
import time:       717 |        717 |           torch.quantization.fuser_method_mappings
import time:       795 |        795 |           torch.quantization.observer
import time:       608 |        608 |           torch.quantization.qconfig
import time:       618 |        618 |           torch.quantization.quant_type
import time:       484 |        484 |           torch.quantization.quantization_mappings
import time:       449 |        449 |           torch.quantization.quantize
import time:       386 |        386 |           torch.quantization.quantize_jit
import time:       370 |        370 |           torch.quantization.stubs
import time:      4743 |      69586 |         torch.quantization
import time:       672 |        672 |         torch.quasirandom
import time:       348 |        348 |         torch.multiprocessing._atfork
import time:      1703 |       1703 |         torch._lobpcg
import time:       522 |        522 |             torch.masked._docs
import time:       782 |        782 |                   torch.masked.maskedtensor.core
import time:      8874 |       9655 |                 torch.masked.maskedtensor.binary
import time:      3939 |       3939 |                 torch.masked.maskedtensor.passthrough
import time:       699 |        699 |                   torch.masked.maskedtensor.creation
import time:      4827 |       5525 |                 torch.masked.maskedtensor.reductions
import time:     12272 |      12272 |                 torch.masked.maskedtensor.unary
import time:      3611 |      35000 |               torch.masked.maskedtensor
import time:       100 |      35099 |             torch.masked.maskedtensor.core
import time:      2148 |      37768 |           torch.masked._ops
import time:      2100 |      39868 |         torch.masked
import time:      1434 |       1434 |         torch.utils.dlpack
import time:       464 |        464 |                       torch._dispatch
import time:      1891 |       2354 |                     torch._dispatch.python
import time:      5352 |       5352 |                           torch._library.fake_profile
import time:       481 |        481 |                             torch.utils._mode_utils
import time:     18491 |      18972 |                           torch._subclasses.meta_utils
import time:       856 |        856 |                           torch.utils._stats
import time:      9824 |       9824 |                             torch.fx.experimental.sym_node
import time:     15103 |      24926 |                           torch._subclasses._fake_tensor_utils
import time:       696 |        696 |                             torch._custom_op
import time:     21423 |      22119 |                           torch._subclasses.fake_impls
import time:     30352 |     102574 |                         torch._subclasses.fake_tensor
import time:      1584 |       1584 |                         torch._subclasses.fake_utils
import time:      1308 |     105466 |                       torch._subclasses
import time:       105 |     105570 |                     torch._subclasses.meta_utils
import time:      2543 |     110466 |                   torch.fx.passes.shape_prop
import time:       338 |        338 |                   pydot
import time:      2229 |     113032 |                 torch.fx.passes.graph_drawer
import time:      3577 |       3577 |                 torch.fx.passes.graph_manipulation
import time:      2835 |       2835 |                         torch.fx.passes.utils.matcher_utils
import time:      1448 |       4282 |                       torch.fx.passes.utils.common
import time:       644 |       4926 |                     torch.fx.passes.utils
import time:      2242 |       2242 |                     torch.fx.passes.tools_common
import time:      3363 |      10529 |                   torch.fx.passes.split_utils
import time:      4946 |      15475 |                 torch.fx.passes.net_min_base
import time:      1872 |       1872 |                 torch.fx.passes.operator_support
import time:      1040 |       1040 |                 torch.fx.passes.param_fetch
import time:       953 |        953 |                 torch.fx.passes.regional_inductor
import time:      3178 |       3178 |                 torch.fx.passes.reinplace
import time:       795 |        795 |                   torch.fx._utils
import time:      3651 |       3651 |                     torch._subclasses.functional_tensor
import time:       760 |        760 |                     torch.utils._thunk
import time:       470 |        470 |                     torch.fx.experimental._backward_state
import time:     11409 |      16289 |                   torch.fx.experimental.proxy_tensor
import time:      4540 |      21623 |                 torch.fx.passes.runtime_assert
import time:      1915 |       1915 |                 torch.fx.passes.split_module
import time:      6594 |       6594 |                 torch.fx.passes.splitter_base
import time:      2134 |     171388 |               torch.fx.passes
import time:       986 |        986 |                 torch.fx.passes.infra.pass_base
import time:      2573 |       3558 |               torch.fx.passes.infra.pass_manager
import time:       849 |     175794 |             torch.fx.passes.infra
import time:        68 |     175861 |           torch.fx.passes.infra.pass_base
import time:      1453 |       1453 |           torch.export.custom_ops
import time:      1102 |       1102 |           torch.export._state_dict_utils
import time:       909 |        909 |                 torch.export._tree_utils
import time:     18596 |      18596 |                 torch.export.graph_signature
import time:      1032 |       1032 |                       torch._custom_op.autograd
import time:      5471 |       6502 |                     torch._custom_op.impl
import time:      1329 |       7831 |                   torch._custom_ops
import time:      5372 |       5372 |                   torch._export.utils
import time:      5101 |       5101 |                               torch._higher_order_ops.schema
import time:      6160 |      11260 |                             torch._higher_order_ops.utils
import time:     10926 |      22185 |                           torch._higher_order_ops.auto_functionalize
import time:      3482 |      25667 |                         torch._higher_order_ops.base_hop
import time:     13007 |      38673 |                       torch._higher_order_ops._invoke_quant
import time:      1587 |       1587 |                       torch._higher_order_ops.aoti_call_delegate
import time:      3127 |       3127 |                       torch._higher_order_ops.associative_scan
import time:      3925 |       3925 |                       torch._higher_order_ops.cond
import time:      4885 |       4885 |                         torch._higher_order_ops.invoke_leaf_function
import time:      1601 |       1601 |                         torch._higher_order_ops.print
import time:       450 |        450 |                             torch._functorch._aot_autograd
import time:      1987 |       2437 |                           torch._functorch._aot_autograd.utils
import time:      2350 |       4787 |                         torch._higher_order_ops.torchbind
import time:      4525 |      15796 |                       torch._higher_order_ops.effects
import time:      1190 |       1190 |                       torch._higher_order_ops.executorch_call_delegate
import time:      4174 |       4174 |                       torch._higher_order_ops.flat_apply
import time:       488 |        488 |                             torch.testing._internal
import time:      1581 |       2069 |                           torch.testing._internal.logging_tensor
import time:      3942 |       6010 |                         torch.utils.checkpoint
import time:      4506 |      10515 |                       torch._higher_order_ops.flex_attention
import time:       856 |        856 |                       torch._higher_order_ops.foreach_map
import time:      1162 |       1162 |                       torch._higher_order_ops.hints_wrap
import time:      1538 |       1538 |                       torch._higher_order_ops.inline_asm_elementwise
import time:      1401 |       1401 |                             torch.utils._debug_mode._utils
import time:      3052 |       4453 |                           torch.utils._debug_mode._calls
import time:    114723 |     114723 |                           torch.utils._debug_mode._mode
import time:      2010 |     121185 |                         torch.utils._debug_mode
import time:      7148 |     128332 |                       torch._higher_order_ops.invoke_subgraph
import time:      2249 |       2249 |                       torch._higher_order_ops.local_map
import time:      1618 |       1618 |                       torch._higher_order_ops.map
import time:      2249 |       2249 |                       torch._higher_order_ops.out_dtype
import time:      1130 |       1130 |                       torch._higher_order_ops.run_const_graph
import time:      1188 |       1188 |                         torch._higher_order_ops.partitioner
import time:      3520 |       4707 |                       torch._higher_order_ops.scan
import time:      1150 |       1150 |                       torch._higher_order_ops.strict_mode
import time:      1997 |       1997 |                       torch._higher_order_ops.while_loop
import time:      3946 |       3946 |                       torch._higher_order_ops.wrap
import time:     16353 |     246267 |                     torch._higher_order_ops
import time:       170 |     246436 |                   torch._higher_order_ops.flat_apply
import time:      3124 |     262761 |                 torch._export.wrappers
import time:      1393 |       1393 |                 torch._export.config
import time:      8284 |     291941 |               torch._export
import time:       125 |     292066 |             torch._export.utils
import time:      2050 |     294115 |           torch.export.decomp_utils
import time:      1590 |       1590 |               torch._export.verifier
import time:      7920 |       9510 |             torch.export.exported_program
import time:     10898 |      20407 |           torch.export.dynamic_shapes
import time:      1449 |       1449 |             torch.export._remove_effect_tokens_pass
import time:     11339 |      12787 |           torch.export.unflatten
import time:      5797 |     511520 |         torch.export
import time:       711 |        711 |           torch._functorch.batch_norm_replacement
import time:      2394 |       2394 |             torch.fx.experimental.const_fold
import time:      3425 |       5819 |           torch._functorch.eager_transforms
import time:       910 |        910 |           torch._functorch.functional_call
import time:      4100 |      11539 |         torch.func
import time:      2430 |       2430 |         torch.distributed._meta_registrations
import time:      2886 |       2886 |                   torch.utils._content_store
import time:      2063 |       4949 |                 torch._prims.debug_prims
import time:      2471 |       2471 |                 torch._prims.rng_prims
import time:      1564 |       1564 |                 torch._prims_common.wrappers
import time:    550486 |     559468 |               torch._prims
import time:    112680 |     672148 |             torch._decomp.decompositions
import time:      1329 |       1329 |               torch.testing._internal.common_dtype
import time:     11197 |      11197 |               torch._refs._conversions
import time:     15485 |      15485 |               torch._refs.fft
import time:      8532 |       8532 |               torch._refs.linalg
import time:       706 |        706 |                 torch._refs.nn
import time:     19341 |      20047 |               torch._refs.nn.functional
import time:      9374 |       9374 |               torch._refs.special
import time:    256201 |     322161 |             torch._refs
import time:      1622 |     995930 |           torch._decomp
import time:    265072 |    1261002 |         torch._meta_registrations
import time:      3371 |       3371 |           torch.compiler.config
import time:      1095 |       1095 |             torch.utils._appending_byte_serializer
import time:      5768 |       6862 |           torch.compiler._cache
import time:      3527 |      13759 |         torch.compiler
import time:      1149 |       1149 |             torch._native.common_utils
import time:      4147 |       4147 |               torch._native.registry
import time:      2467 |       6614 |             torch._native.dsl_registry
import time:      2354 |      10116 |           torch._native.cutedsl_utils
import time:       718 |        718 |           torch._native.ops
import time:      1327 |       1327 |           torch._native.triton_utils
import time:      1673 |      13833 |         torch._native
import time:    403935 |    5744189 |       torch
import time:      1888 |    5747435 |     app.core.workers
import time:      1536 |       1536 |     app.core.factories
import time:       519 |        519 |         app.plugins
import time:       639 |       1157 |       app.plugins.detector
import time:      1009 |       1009 |       app.core.downloader
import time:      1643 |       3809 |     app.plugins.detector.ctd_impl
import time:       739 |        739 |     app.plugins.detector.dbconvnext_impl
import time:       698 |        698 |     app.plugins.detector.craft_impl
import time:       741 |        741 |     app.plugins.detector.paddle_det_impl
import time:       900 |        900 |     app.plugins.detector.paddle_onnx_impl
import time:       314 |        314 |       app.plugins.recognizer
import time:       672 |        986 |     app.plugins.recognizer.mocr_impl
import time:       596 |        596 |     app.plugins.recognizer.pixel_32px_impl
import time:       915 |        915 |     app.plugins.recognizer.pixel_48px_impl
import time:      1214 |       1214 |     app.plugins.recognizer.pixel_48px_ctc_impl
import time:       885 |        885 |     app.plugins.recognizer.paddle_onnx_rec_impl
import time:       358 |        358 |       app.plugins.cloud_ocr
import time:       987 |       1344 |     app.plugins.cloud_ocr.gemini_vision_impl
import time:      2503 |       2503 |     app.plugins.cloud_ocr.google_vision_impl
import time:       494 |        494 |       app.plugins.translator
import time:      1231 |       1231 |           yaml.error
import time:      1457 |       1457 |           yaml.tokens
import time:      1572 |       1572 |           yaml.events
import time:      1095 |       1095 |           yaml.nodes
import time:     14179 |      14179 |             yaml.reader
import time:      1746 |       1746 |             yaml.scanner
import time:      1675 |       1675 |             yaml.parser
import time:      2476 |       2476 |             yaml.composer
import time:      4069 |       4069 |             yaml.constructor
import time:      5597 |       5597 |             yaml.resolver
import time:      7848 |      37585 |           yaml.loader
import time:     14051 |      14051 |             yaml.emitter
import time:      1120 |       1120 |             yaml.serializer
import time:      1997 |       1997 |             yaml.representer
import time:      4532 |      21699 |           yaml.dumper
import time:       383 |        383 |             yaml._yaml
import time:      1263 |       1646 |           yaml.cyaml
import time:      6571 |      72852 |         yaml
import time:      2211 |      75062 |       app.core.translator_utils
import time:      3681 |      79237 |     app.plugins.translator.api_translator_impl
import time:       985 |        985 |           transformers.dependency_versions_table
import time:      1171 |       1171 |               packaging
import time:      6370 |       6370 |               packaging.version
import time:      3099 |       3099 |                       regex._regex
import time:     16946 |      20045 |                     regex._regex_core
import time:       197 |        197 |                     regex.DEFAULT_VERSION
import time:      5340 |      25580 |                   regex._main
import time:      1869 |      27449 |                 regex
import time:      1980 |       1980 |                 transformers.utils.doc
import time:      1586 |       1586 |                       huggingface_hub
import time:       847 |        847 |                           httpx.__version__
import time:      2915 |       2915 |                                 httpx._exceptions
import time:      5479 |       5479 |                                     calendar
import time:     12616 |      18094 |                                   http.cookiejar
import time:       342 |        342 |                                         _winapi
import time:       287 |        287 |                                         winreg
import time:      1715 |       2343 |                                       mimetypes
import time:      4012 |       4012 |                                       httpx._types
import time:      1222 |       1222 |                                       httpx._utils
import time:      4697 |      12272 |                                     httpx._multipart
import time:      2167 |      14438 |                                   httpx._content
import time:       404 |        404 |                                     brotli
import time:       265 |        265 |                                     brotlicffi
import time:       235 |        235 |                                     zstandard
import time:      1978 |       2880 |                                   httpx._decoders
import time:      4511 |       4511 |                                   httpx._status_codes
import time:       722 |        722 |                                         idna.idnadata
import time:      1507 |       1507 |                                         idna.intranges
import time:      3687 |       5916 |                                       idna.core
import time:       725 |        725 |                                       idna.package_data
import time:      2440 |       9080 |                                     idna
import time:      5263 |       5263 |                                     httpx._urlparse
import time:      2669 |      17010 |                                   httpx._urls
import time:     10871 |      67802 |                                 httpx._models
import time:      4551 |      75267 |                               httpx._auth
import time:      1294 |       1294 |                               httpx._config
import time:      1188 |       1188 |                                     httpx._transports.base
import time:      2161 |       3348 |                                   httpx._transports.asgi
import time:      1644 |       1644 |                                   httpx._transports.default
import time:      2731 |       2731 |                                   httpx._transports.mock
import time:      1546 |       1546 |                                   httpx._transports.wsgi
import time:      3792 |      13060 |                                 httpx._transports
import time:       192 |      13252 |                               httpx._transports.base
import time:      5372 |      95183 |                             httpx._client
import time:      2442 |      97625 |                           httpx._api
import time:      2420 |       2420 |                                   click._compat
import time:       560 |        560 |                                     click.globals
import time:      1759 |       1759 |                                     click.utils
import time:      3279 |       5596 |                                   click.exceptions
import time:     10046 |      18060 |                                 click.types
import time:      1114 |       1114 |                                 click._utils
import time:      1240 |       1240 |                                   click.parser
import time:      1564 |       2804 |                                 click.formatting
import time:      2892 |       2892 |                                 click.termui
import time:     11829 |      36698 |                               click.core
import time:      1740 |       1740 |                               click.decorators
import time:      5098 |      43534 |                             click
import time:      1034 |       1034 |                               pygments
import time:      6855 |       6855 |                               pygments.lexers._mapping
import time:      1346 |       1346 |                               pygments.modeline
import time:       755 |        755 |                               pygments.plugin
import time:      2292 |       2292 |                               pygments.util
import time:      5207 |      17487 |                             pygments.lexers
import time:       698 |        698 |                                 rich._extension
import time:      1452 |       2149 |                               rich
import time:      1072 |       1072 |                               rich._null_file
import time:       873 |        873 |                               rich.errors
import time:      1000 |       1000 |                                       colorsys
import time:      1643 |       1643 |                                           rich.color_triplet
import time:     14029 |      15672 |                                         rich.palette
import time:      2351 |      18023 |                                       rich._palettes
import time:      1463 |       1463 |                                       rich.repr
import time:      1026 |       1026 |                                       rich.terminal_theme
import time:      7346 |      28856 |                                     rich.color
import time:      4793 |      33648 |                                   rich.style
import time:      3519 |      37167 |                                 rich.default_styles
import time:      1073 |       1073 |                                 rich.theme
import time:      1924 |      40163 |                               rich.themes
import time:      1377 |       1377 |                               rich._emoji_replace
import time:       603 |        603 |                               rich._export_format
import time:       558 |        558 |                               rich._fileno
import time:      1068 |       1068 |                                   rich._loop
import time:       773 |        773 |                                   rich._pick
import time:      2745 |       2745 |                                         rich._unicode_data._versions
import time:      1857 |       4601 |                                       rich._unicode_data
import time:      3641 |       8242 |                                     rich.cells
import time:      1988 |      10229 |                                   rich._wrap
import time:      6629 |       6629 |                                         rich.segment
import time:      2858 |       9486 |                                       rich.jupyter
import time:       756 |        756 |                                         rich.protocol
import time:      2506 |       3262 |                                       rich.measure
import time:      2718 |      15465 |                                     rich.constrain
import time:      2358 |      17822 |                                   rich.align
import time:      1221 |       1221 |                                   rich.containers
import time:      1134 |       1134 |                                   rich.control
import time:      1204 |       1204 |                                   rich.emoji
import time:      9171 |      42619 |                                 rich.text
import time:      2500 |      45119 |                               rich._log_render
import time:      1210 |       1210 |                               rich.highlighter
import time:      3038 |       3038 |                               rich.markup
import time:       793 |        793 |                               rich.pager
import time:      1152 |       1152 |                               rich.region
import time:       809 |        809 |                               rich.screen
import time:      1055 |       1055 |                               rich.styled
import time:     18023 |     117985 |                             rich.console
import time:       819 |        819 |                               rich.filesize
import time:      2179 |       2179 |                                   rich.ansi
import time:      1545 |       3723 |                                 rich.file_proxy
import time:      1163 |       1163 |                                 rich.live_render
import time:      2789 |       7674 |                               rich.live
import time:      1141 |       1141 |                               rich.progress_bar
import time:       882 |        882 |                                 rich._spinners
import time:      1429 |       1429 |                                   rich.box
import time:      5406 |       5406 |                                     fractions
import time:      2065 |       7470 |                                   rich._ratio
import time:      1131 |       1131 |                                   rich.padding
import time:      7999 |      18028 |                                 rich.table
import time:      3674 |      22583 |                               rich.spinner
import time:     11150 |      43365 |                             rich.progress
import time:       620 |        620 |                                 pygments.filter
import time:      1419 |       1419 |                                   pygments.token
import time:      2776 |       4195 |                                 pygments.filters
import time:       948 |        948 |                                 pygments.regexopt
import time:      4194 |       9955 |                               pygments.lexer
import time:      1608 |       1608 |                               pygments.style
import time:      2771 |       2771 |                                 pygments.styles._mapping
import time:      1572 |       4343 |                               pygments.styles
import time:      6935 |      22840 |                             rich.syntax
import time:      3127 |     248335 |                           httpx._main
import time:      3308 |     350114 |                         httpx
import time:      4736 |     354849 |                       huggingface_hub.errors
import time:       618 |        618 |                           tqdm.autonotebook
import time:       722 |        722 |                           tqdm.asyncio
import time:      1578 |       2917 |                         tqdm.auto
import time:      2415 |       2415 |                         huggingface_hub.constants
import time:      2829 |       8160 |                       huggingface_hub.utils.tqdm
import time:      5276 |       5276 |                         configparser
import time:       855 |        855 |                               filelock._error
import time:      1053 |       1053 |                               filelock._util
import time:      7696 |       9603 |                             filelock._api
import time:       929 |        929 |                                     _sqlite3
import time:      1197 |       2125 |                                   sqlite3.dbapi2
import time:      1337 |       3462 |                                 sqlite3
import time:      1509 |       4970 |                               filelock._read_write
import time:      1668 |       6638 |                             filelock._async_read_write
import time:      1472 |       1472 |                             filelock._soft
import time:       347 |        347 |                                     _hmac
import time:      1409 |       1755 |                                   hmac
import time:       863 |        863 |                                   secrets
import time:     13379 |      15996 |                                 filelock._soft_rw._sync
import time:      3022 |      19018 |                               filelock._soft_rw._async
import time:      1262 |      20279 |                             filelock._soft_rw
import time:      1409 |       1409 |                             filelock._unix
import time:      1052 |       1052 |                             filelock._windows
import time:      5997 |       5997 |                             filelock.asyncio
import time:       825 |        825 |                             filelock.version
import time:      5730 |      53000 |                           filelock
import time:      1165 |       1165 |                           huggingface_hub.utils.logging
import time:      1498 |      55662 |                         huggingface_hub.utils._fixes
import time:      1504 |       1504 |                             shlex
import time:      1296 |       1296 |                             huggingface_hub.utils._lfs
import time:      1669 |       1669 |                             huggingface_hub.utils._typing
import time:     14743 |      19211 |                           huggingface_hub.utils._http
import time:      3268 |      22478 |                         huggingface_hub.utils._oauth_device
import time:     34457 |      34457 |                         huggingface_hub.utils._runtime
import time:      7217 |     125089 |                       huggingface_hub.utils._auth
import time:       773 |        773 |                       huggingface_hub.utils._cache_assets
import time:      1878 |       1878 |                         huggingface_hub.utils._parsing
import time:      1897 |       1897 |                           huggingface_hub.utils._detect_agent
import time:       705 |        705 |                           termios
import time:      1107 |       1107 |                           tty
import time:      3376 |       7083 |                         huggingface_hub.utils._terminal
import time:     14751 |      23712 |                       huggingface_hub.utils._cache_manager
import time:       715 |        715 |                       huggingface_hub.utils._chunk_utils
import time:       700 |        700 |                       huggingface_hub.utils._datetime
import time:       775 |        775 |                       huggingface_hub.utils._experimental
import time:      1407 |       1407 |                         huggingface_hub.utils._subprocess
import time:      2299 |       3705 |                       huggingface_hub.utils._git_credential
import time:      1392 |       1392 |                         huggingface_hub.utils._validators
import time:      1810 |       3201 |                       huggingface_hub.utils._headers
import time:      8178 |       8178 |                       huggingface_hub.utils._hf_uris
import time:       888 |        888 |                       huggingface_hub.utils._pagination
import time:       898 |        898 |                       huggingface_hub.utils._paths
import time:      6443 |       6443 |                       huggingface_hub.utils._safetensors
import time:      1349 |       1349 |                       huggingface_hub.utils._telemetry
import time:      7218 |       7218 |                       huggingface_hub.utils._xet
import time:     13866 |     562097 |                     huggingface_hub.utils
import time:      2137 |       2137 |                     transformers._typing
import time:      2514 |     566747 |                   transformers.utils.logging
import time:       258 |        258 |                       _csv
import time:      1610 |       1868 |                     csv
import time:    757039 |     758906 |                   transformers.utils.import_utils
import time:     10709 |    1336362 |                 transformers.utils.generic
import time:     16297 |    1382086 |               transformers.utils.auto_docstring
import time:      2053 |       2053 |                   jinja2.bccache
import time:       925 |        925 |                       markupsafe._speedups
import time:      2441 |       3365 |                     markupsafe
import time:      6929 |       6929 |                       jinja2.utils
import time:      5896 |      12824 |                     jinja2.nodes
import time:      1979 |       1979 |                       jinja2.exceptions
import time:      2014 |       2014 |                         jinja2.visitor
import time:      2245 |       4258 |                       jinja2.idtracking
import time:       994 |        994 |                       jinja2.optimizer
import time:      7782 |      15012 |                     jinja2.compiler
import time:      1393 |       1393 |                         jinja2.async_utils
import time:      3883 |       3883 |                         jinja2.runtime
import time:      5971 |      11246 |                       jinja2.filters
import time:       993 |        993 |                       jinja2.tests
import time:      2794 |      15032 |                     jinja2.defaults
import time:      3544 |       3544 |                       jinja2._identifier
import time:      6846 |      10390 |                     jinja2.lexer
import time:      2073 |       2073 |                     jinja2.parser
import time:      9647 |      68340 |                   jinja2.environment
import time:      2132 |       2132 |                   jinja2.loaders
import time:      4518 |      77041 |                 jinja2
import time:      2351 |       2351 |                 jinja2.ext
import time:      1073 |       1073 |                 jinja2.meta
import time:      3329 |       3329 |                 jinja2.sandbox
import time:      9376 |      93169 |               transformers.utils.chat_template_utils
import time:       762 |        762 |               transformers.utils.constants
import time:      6033 |       6033 |                 huggingface_hub._local_folder
import time:       869 |        869 |                   huggingface_hub.utils.insecure_hashlib
import time:      1567 |       2435 |                 huggingface_hub.utils.sha
import time:      2022 |       2022 |                     httpcore._models
import time:       740 |        740 |                             httpcore._backends
import time:      1606 |       1606 |                             httpcore._exceptions
import time:       772 |        772 |                             httpcore._utils
import time:      1538 |       1538 |                             httpcore._backends.base
import time:      3375 |       8029 |                           httpcore._backends.sync
import time:      1420 |       1420 |                                     importlib.resources.abc
import time:      2315 |       3735 |                                   importlib.resources._common
import time:       657 |        657 |                                   importlib.resources._functional
import time:      1827 |       6217 |                                 importlib.resources
import time:      1241 |       7457 |                               certifi.core
import time:      1279 |       8735 |                             certifi
import time:      1184 |       9919 |                           httpcore._ssl
import time:       266 |        266 |                             trio
import time:       832 |        832 |                                 anyio._core
import time:      1941 |       2773 |                               anyio._core._contextmanagers
import time:      1542 |       1542 |                                 anyio._core._exceptions
import time:       348 |        348 |                                 sniffio
import time:      1733 |       3621 |                               anyio._core._eventloop
import time:      2396 |       2396 |                                     anyio.abc._eventloop
import time:      1189 |       1189 |                                     anyio.abc._resources
import time:      1198 |       1198 |                                       anyio._core._typedattr
import time:      1555 |       1555 |                                         anyio.abc._tasks
import time:      4710 |       6264 |                                       anyio.abc._streams
import time:      4141 |      11602 |                                     anyio.abc._sockets
import time:      1066 |       1066 |                                     anyio.abc._subprocesses
import time:       637 |        637 |                                     anyio.abc._testing
import time:      9250 |       9250 |                                       anyio.lowlevel
import time:      2634 |       2634 |                                       anyio._core._tasks
import time:      1307 |       1307 |                                       anyio._core._testing
import time:     13175 |      26365 |                                     anyio._core._synchronization
import time:      3258 |       3258 |                                     anyio.from_thread
import time:      7017 |      53527 |                                   anyio.abc
import time:      1424 |      54950 |                                 anyio.to_thread
import time:      2594 |       2594 |                                 pathlib.types
import time:      7440 |      64983 |                               anyio._core._fileio
import time:       801 |        801 |                               anyio._core._resources
import time:       657 |        657 |                               anyio._core._signals
import time:       581 |        581 |                                   anyio.streams
import time:      4999 |       5579 |                                 anyio.streams.stapled
import time:      3735 |       3735 |                                 anyio.streams.tls
import time:      5435 |      14748 |                               anyio._core._sockets
import time:      7261 |       7261 |                                 anyio.streams.memory
import time:      1829 |       9089 |                               anyio._core._streams
import time:      1081 |       1081 |                               anyio._core._subprocesses
import time:      2099 |       2099 |                               anyio._core._tempfile
import time:      9611 |     109460 |                             anyio
import time:      1674 |     111400 |                           httpcore._synchronization
import time:       892 |        892 |                           httpcore._trace
import time:       489 |        489 |                                   h11._abnf
import time:      1111 |       1111 |                                     h11._util
import time:      2559 |       3670 |                                   h11._headers
import time:     15532 |      19689 |                                 h11._events
import time:      1016 |       1016 |                                   h11._receivebuffer
import time:      1762 |       1762 |                                   h11._state
import time:      5566 |       8343 |                                 h11._readers
import time:      2295 |       2295 |                                 h11._writers
import time:      4398 |      34723 |                               h11._connection
import time:       828 |        828 |                               h11._version
import time:      2948 |      38498 |                             h11
import time:      1634 |       1634 |                             httpcore._sync.interfaces
import time:      4547 |      44677 |                           httpcore._sync.http11
import time:      4456 |     179370 |                         httpcore._sync.connection
import time:      1774 |       1774 |                         httpcore._sync.connection_pool
import time:      1467 |       1467 |                         httpcore._sync.http_proxy
import time:       503 |        503 |                             h2
import time:       164 |        666 |                           h2.config
import time:      2572 |       3238 |                         httpcore._sync.http2
import time:       402 |        402 |                           socksio
import time:      1358 |       1759 |                         httpcore._sync.socks_proxy
import time:      3395 |     191000 |                       httpcore._sync
import time:       135 |     191134 |                     httpcore._sync.connection_pool
import time:      1980 |     195134 |                   httpcore._api
import time:      1025 |       1025 |                       httpcore._backends.auto
import time:       856 |        856 |                         httpcore._async.interfaces
import time:      2613 |       3469 |                       httpcore._async.http11
import time:      3054 |       7547 |                     httpcore._async.connection
import time:      3064 |       3064 |                     httpcore._async.connection_pool
import time:      1858 |       1858 |                     httpcore._async.http_proxy
import time:       302 |        302 |                         h2
import time:       125 |        426 |                       h2.config
import time:      3842 |       4268 |                     httpcore._async.http2
import time:       207 |        207 |                       socksio
import time:       940 |       1147 |                     httpcore._async.socks_proxy
import time:      3795 |      21676 |                   httpcore._async
import time:       983 |        983 |                   httpcore._backends.mock
import time:       715 |        715 |                   httpcore._backends.anyio
import time:       231 |        231 |                     trio
import time:       605 |        836 |                   httpcore._backends.trio
import time:      3417 |     222759 |                 httpcore
import time:       933 |        933 |                   tqdm.contrib
import time:       810 |       1743 |                 tqdm.contrib.concurrent
import time:     14004 |      14004 |                 huggingface_hub._buckets
import time:      1953 |       1953 |                   huggingface_hub.lfs
import time:     11089 |      13042 |                 huggingface_hub._commit_api
import time:      4910 |       4910 |                 huggingface_hub._dataset_viewer
import time:      2325 |       2325 |                 huggingface_hub._eval_results
import time:      3596 |       3596 |                 huggingface_hub._inference_endpoints
import time:     10224 |      10224 |                   huggingface_hub._space_api
import time:     18715 |      28939 |                 huggingface_hub._jobs_api
import time:      2030 |       2030 |                 huggingface_hub._upload_large_folder
import time:      1863 |       1863 |                 huggingface_hub._upload_pipeline
import time:     10202 |      10202 |                 huggingface_hub.community
import time:      4133 |       4133 |                 huggingface_hub.repocard_data
import time:       972 |        972 |                 huggingface_hub.utils._deprecation
import time:      3941 |       3941 |                 huggingface_hub.utils._verification
import time:       893 |        893 |                 huggingface_hub.utils.endpoint_helpers
import time:    112078 |     435889 |               transformers.utils.hub
import time:       928 |        928 |               transformers.utils.kernel_config
import time:      2503 |       2503 |               transformers.utils.peft_utils
import time:     11019 |    1933891 |             transformers.utils
import time:       942 |    1934833 |           transformers.utils.versions
import time:     26264 |    1962081 |         transformers.dependency_versions_check
import time:      1054 |       1054 |         transformers.utils.dummy_sentencepiece_and_tokenizers_objects
import time:       716 |        716 |         transformers.utils.dummy_mistral_common_objects
import time:       756 |        756 |         transformers.utils.dummy_torchvision_objects
import time:   1069620 |    3034225 |       transformers
import time:      1452 |       1452 |         huggingface_hub.dataclasses
import time:      1313 |       1313 |           filecmp
import time:      2168 |       3480 |         transformers.dynamic_module_utils
import time:      1161 |       1161 |           transformers.generation
import time:      5406 |       5406 |           transformers.generation.logits_process
import time:     13576 |      20142 |         transformers.generation.configuration_utils
import time:      3888 |       3888 |           transformers.integrations
import time:      5020 |       5020 |             tokenizers.tokenizers
import time:       501 |        501 |                 tokenizers.decoders
import time:       620 |        620 |                 tokenizers.models
import time:       793 |        793 |                 tokenizers.normalizers
import time:       686 |        686 |                 tokenizers.pre_tokenizers
import time:      1085 |       1085 |                 tokenizers.processors
import time:      4472 |       8155 |               tokenizers.implementations.base_tokenizer
import time:      1484 |       1484 |               tokenizers.implementations.bert_wordpiece
import time:      1178 |       1178 |               tokenizers.implementations.byte_level_bpe
import time:      1048 |       1048 |               tokenizers.implementations.char_level_bpe
import time:       669 |        669 |               tokenizers.implementations.sentencepiece_bpe
import time:       937 |        937 |               tokenizers.implementations.sentencepiece_unigram
import time:      4410 |      17877 |             tokenizers.implementations
import time:      2805 |      25702 |           tokenizers
import time:      1089 |       1089 |           transformers.utils.chat_parsing_utils
import time:      5672 |       5672 |           transformers.convert_slow_tokenizer
import time:     17152 |      53501 |         transformers.modeling_gguf_pytorch_utils
import time:      2119 |       2119 |         transformers.modeling_rope_utils
import time:     11831 |      92524 |       transformers.configuration_utils
import time:      1464 |       1464 |       transformers.models.encoder_decoder
import time:      3839 |       3839 |       transformers.models.auto.auto_mappings
import time:      6844 |       6844 |         transformers.cache_utils
import time:      2256 |       2256 |         transformers.integrations.deepspeed
import time:     18519 |      18519 |           transformers.utils.quantization_config
import time:      2964 |      21483 |         transformers.integrations.fsdp
import time:      1100 |       1100 |             torch.nn.attention._utils
import time:      9215 |      10315 |           torch.nn.attention.flex_attention
import time:       255 |        255 |                     _lsprof
import time:      2011 |       2011 |                     profile
import time:      2038 |       4303 |                   cProfile
import time:      4990 |       4990 |                   pstats
import time:      5454 |       5454 |                   torch._dynamo.callback
import time:       749 |        749 |                       getpass
import time:     13926 |      14674 |                     torch._dynamo.config
import time:      1440 |      16113 |                   torch._dynamo.distributed
import time:      4168 |       4168 |                     torch._dynamo.dynamo_profiler
import time:     14225 |      14225 |                         torch._functorch.config
import time:       543 |        543 |                               mpmath.usertools
import time:       361 |        361 |                                           gmpy2
import time:       258 |        258 |                                           gmpy
import time:      1075 |       1693 |                                         mpmath.libmp.backend
import time:      2246 |       2246 |                                         mpmath.libmp.libintmath
import time:      4648 |       8585 |                                       mpmath.libmp.libmpf
import time:      1509 |       1509 |                                         mpmath.libmp.libelefun
import time:      2695 |       4204 |                                       mpmath.libmp.libmpc
import time:      2809 |       2809 |                                         mpmath.libmp.gammazeta
import time:      3074 |       5883 |                                       mpmath.libmp.libhyper
import time:      2224 |       2224 |                                       mpmath.libmp.libmpi
import time:      5531 |      26425 |                                     mpmath.libmp
import time:       136 |      26560 |                                   mpmath.libmp.backend
import time:      1685 |       1685 |                                       mpmath.functions.functions
import time:      1634 |       1634 |                                       mpmath.functions.factorials
import time:      1811 |       1811 |                                       mpmath.functions.hypergeometric
import time:      1059 |       1059 |                                       mpmath.functions.expintegrals
import time:      1381 |       1381 |                                       mpmath.functions.bessel
import time:       741 |        741 |                                       mpmath.functions.orthogonal
import time:      1044 |       1044 |                                       mpmath.functions.theta
import time:      1247 |       1247 |                                       mpmath.functions.elliptic
import time:       451 |        451 |                                       mpmath.functions.signals
import time:      1306 |       1306 |                                       mpmath.functions.zeta
import time:      1254 |       1254 |                                       mpmath.functions.rszeta
import time:      1731 |       1731 |                                       mpmath.functions.zetazeros
import time:       496 |        496 |                                       mpmath.functions.qfunctions
import time:      2780 |      18616 |                                     mpmath.functions
import time:        57 |      18673 |                                   mpmath.functions.functions
import time:       764 |        764 |                                       mpmath.calculus.calculus
import time:      1438 |       1438 |                                       mpmath.calculus.approximation
import time:       978 |        978 |                                       mpmath.calculus.differentiation
import time:      2177 |       2177 |                                       mpmath.calculus.extrapolation
import time:       839 |        839 |                                       mpmath.calculus.polynomials
import time:      1550 |       7743 |                                     mpmath.calculus
import time:      1444 |       9187 |                                   mpmath.calculus.quadrature
import time:      1187 |       1187 |                                   mpmath.calculus.inverselaplace
import time:      1643 |       1643 |                                   mpmath.calculus.optimization
import time:       758 |        758 |                                   mpmath.calculus.odes
import time:      1038 |       1038 |                                       mpmath.matrices.eigen
import time:      2330 |       2330 |                                       mpmath.matrices.eigen_symmetric
import time:      1148 |       4515 |                                     mpmath.matrices
import time:      1678 |       6193 |                                   mpmath.matrices.matrices
import time:       839 |        839 |                                   mpmath.matrices.calculus
import time:      1146 |       1146 |                                   mpmath.matrices.linalg
import time:      1432 |       1432 |                                   mpmath.identification
import time:       731 |        731 |                                   mpmath.visualization
import time:     10713 |      79056 |                                 mpmath.ctx_base
import time:       917 |        917 |                                 mpmath.math2
import time:      2164 |       2164 |                                 mpmath.function_docs
import time:      1976 |      84112 |                               mpmath.ctx_fp
import time:      1333 |       1333 |                                 mpmath.rational
import time:     10670 |      10670 |                                 mpmath.ctx_mp_python
import time:      5850 |      17852 |                               mpmath.ctx_mp
import time:      1888 |       1888 |                               mpmath.ctx_iv
import time:      8049 |     112442 |                             mpmath
import time:       876 |        876 |                             sympy.release
import time:      1326 |       1326 |                                           sympy.utilities.enumerative
import time:      1487 |       1487 |                                           sympy.utilities.misc
import time:       992 |        992 |                                             sympy.utilities.exceptions
import time:      1660 |       2652 |                                           sympy.utilities.decorator
import time:      5757 |      11220 |                                         sympy.utilities.iterables
import time:      1447 |       1447 |                                             sympy.external.importtools
import time:      2068 |       3514 |                                           sympy.external
import time:      2889 |       6403 |                                         sympy.utilities.lambdify
import time:      2000 |       2000 |                                         sympy.utilities.timeutils
import time:      4854 |      24475 |                                       sympy.utilities
import time:       115 |      24590 |                                     sympy.utilities.iterables
import time:       882 |      25471 |                                   sympy.core.random
import time:       723 |        723 |                                     sympy.core.cache
import time:      1352 |       2074 |                                   sympy.core.parameters
import time:      1107 |       1107 |                                         sympy.core.logic
import time:      1838 |       2944 |                                       sympy.core.facts
import time:      1980 |       1980 |                                       sympy.core.assumptions_generated
import time:      4117 |       9040 |                                     sympy.core.assumptions
import time:       749 |        749 |                                     sympy.core.sorting
import time:       366 |        366 |                                                 sympy.multipledispatch.utils
import time:      1009 |       1374 |                                               sympy.multipledispatch.conflict
import time:      1479 |       2853 |                                             sympy.multipledispatch.dispatcher
import time:       958 |       3810 |                                           sympy.multipledispatch.core
import time:       632 |       4442 |                                         sympy.multipledispatch
import time:        93 |       4534 |                                       sympy.multipledispatch.dispatcher
import time:      1319 |       5853 |                                     sympy.core.kind
import time:       541 |        541 |                                     sympy.core._print_helpers
import time:       500 |        500 |                                       sympy.core.core
import time:      3541 |       4041 |                                     sympy.core.singleton
import time:      1301 |       1301 |                                     sympy.core.traversal
import time:      7879 |      29401 |                                   sympy.core.basic
import time:      2680 |      59625 |                                 sympy.core.sympify
import time:      1724 |       1724 |                                           _decimal
import time:       927 |       2650 |                                         decimal
import time:      1650 |       4300 |                                       sympy.external.pythonmpq
import time:      1157 |       1157 |                                       sympy.external.ntheory
import time:       293 |        293 |                                       flint
import time:       228 |        228 |                                       gmpy2
import time:      2824 |       8801 |                                     sympy.external.gmpy
import time:      3440 |      12240 |                                   sympy.core.evalf
import time:      1196 |       1196 |                                   sympy.core.decorators
import time:       883 |        883 |                                   sympy.core.intfunc
import time:      1972 |       1972 |                                     sympy.core.operations
import time:      3682 |       3682 |                                       sympy.core.containers
import time:      6745 |       6745 |                                           sympy.core.add
import time:       595 |        595 |                                           sympy.core.rules
import time:      9079 |       9079 |                                                 sympy.logic.boolalg
import time:      1339 |       1339 |                                                 sympy.logic.inference
import time:      4053 |      14470 |                                               sympy.logic
import time:       252 |      14722 |                                             sympy.logic.boolalg
import time:      6613 |      21335 |                                           sympy.core.symbol
import time:      9225 |      37898 |                                         sympy.core.function
import time:       733 |        733 |                                           sympy.core.coreerrors
import time:      6981 |       7713 |                                         sympy.core.relational
import time:      5196 |      50805 |                                       sympy.core.power
import time:     21192 |      75679 |                                     sympy.core.numbers
import time:      7954 |      85604 |                                   sympy.core.mul
import time:      3461 |       3461 |                                     sympy.core.exprtools
import time:      3758 |       7218 |                                   sympy.core.mod
import time:     10369 |     117509 |                                 sympy.core.expr
import time:      1230 |       1230 |                                 sympy.core.multidimensional
import time:      2262 |     180625 |                               sympy.core
import time:       167 |     180791 |                             sympy.core.cache
import time:       795 |        795 |                                 sympy.utilities.source
import time:      3627 |       4421 |                               sympy.assumptions.assume
import time:      1854 |       1854 |                                 sympy.assumptions.cnf
import time:      2897 |       2897 |                                 sympy.assumptions.ask_generated
import time:      4180 |       8929 |                               sympy.assumptions.ask
import time:      1686 |       1686 |                               sympy.assumptions.refine
import time:      2394 |       2394 |                                 sympy.assumptions.relation.binrel
import time:      1719 |       4113 |                               sympy.assumptions.relation
import time:      2854 |      22002 |                             sympy.assumptions
import time:      3310 |       3310 |                                   sympy.polys.polyerrors
import time:      7918 |      11228 |                                 sympy.polys.polyoptions
import time:       484 |        484 |                                       sympy.polys.domains.domainelement
import time:      1110 |       1110 |                                       sympy.polys.orderings
import time:      2732 |       2732 |                                         sympy.polys.domains.modularinteger
import time:      3190 |       5921 |                                       sympy.polys.polyutils
import time:      3391 |      10905 |                                     sympy.polys.domains.domain
import time:       575 |        575 |                                         sympy.polys.domains.ring
import time:      1413 |       1987 |                                       sympy.polys.domains.field
import time:       736 |        736 |                                       sympy.polys.domains.simpledomain
import time:       809 |        809 |                                         sympy.polys.polyconfig
import time:      2858 |       3666 |                                       sympy.polys.galoistools
import time:       799 |        799 |                                         sympy.polys.domains.pythonrational
import time:      1688 |       2487 |                                       sympy.polys.domains.groundtypes
import time:      4222 |      13096 |                                     sympy.polys.domains.finitefield
import time:       591 |        591 |                                       sympy.polys.domains.characteristiczero
import time:      1558 |       2148 |                                     sympy.polys.domains.integerring
import time:       994 |        994 |                                     sympy.polys.domains.rationalfield
import time:      1445 |       1445 |                                           sympy.polys.monomials
import time:      2002 |       3446 |                                         sympy.polys.densebasic
import time:      1876 |       1876 |                                         sympy.polys.densearith
import time:      1083 |       1083 |                                         sympy.polys.densetools
import time:      1500 |       1500 |                                         sympy.polys.euclidtools
import time:       948 |        948 |                                         sympy.polys.sqfreetools
import time:      1719 |       1719 |                                         sympy.polys.factortools
import time:      2402 |       2402 |                                         sympy.polys.rootisolation
import time:     12284 |      25253 |                                       sympy.polys.polyclasses
import time:      3055 |      28308 |                                     sympy.polys.domains.algebraicfield
import time:      2882 |       2882 |                                     sympy.polys.domains.gaussiandomains
import time:      2241 |       2241 |                                     sympy.polys.domains.realfield
import time:      2203 |       2203 |                                     sympy.polys.domains.complexfield
import time:       638 |        638 |                                       sympy.polys.domains.compositedomain
import time:      1199 |       1837 |                                     sympy.polys.domains.polynomialring
import time:      1071 |       1071 |                                     sympy.polys.domains.fractionfield
import time:      1496 |       1496 |                                     sympy.polys.domains.expressiondomain
import time:       857 |        857 |                                     sympy.polys.domains.expressionrawdomain
import time:       749 |        749 |                                       sympy.polys.domains.pythonintegerring
import time:      1138 |       1886 |                                     sympy.polys.domains.pythonfinitefield
import time:       664 |        664 |                                       sympy.polys.domains.gmpyintegerring
import time:      1068 |       1732 |                                     sympy.polys.domains.gmpyfinitefield
import time:       738 |        738 |                                     sympy.polys.domains.pythonrationalfield
import time:      1651 |       1651 |                                     sympy.polys.domains.gmpyrationalfield
import time:     10633 |      84671 |                                   sympy.polys.domains
import time:      1567 |      86237 |                                 sympy.polys.constructor
import time:       959 |        959 |                                 sympy.polys.fglmtools
import time:      1400 |       1400 |                                 sympy.polys.groebnertools
import time:       715 |        715 |                                 sympy.polys.rationaltools
import time:     18179 |     118715 |                               sympy.polys.polytools
import time:      1081 |       1081 |                                       sympy.ntheory.primetest
import time:      2244 |       3325 |                                     sympy.ntheory.generate
import time:       780 |        780 |                                       sympy.ntheory.digits
import time:       846 |        846 |                                       sympy.ntheory.ecm
import time:      3702 |       5327 |                                     sympy.ntheory.factor_
import time:       726 |        726 |                                         sympy.ntheory.modular
import time:       404 |        404 |                                         sympy.utilities.memoization
import time:      2692 |       3820 |                                       sympy.ntheory.residue_ntheory
import time:      2234 |       6054 |                                     sympy.ntheory.partitions_
import time:       553 |        553 |                                     sympy.ntheory.multinomial
import time:       620 |        620 |                                     sympy.ntheory.continued_fraction
import time:       779 |        779 |                                     sympy.ntheory.egyptian_fraction
import time:      1057 |       1057 |                                     sympy.ntheory.qs
import time:      6119 |      23831 |                                   sympy.ntheory
import time:      6289 |       6289 |                                     sympy.polys.compatibility
import time:      1038 |       1038 |                                     sympy.polys.heuristicgcd
import time:      1137 |       1137 |                                             sympy.printing.conventions
import time:       839 |        839 |                                             sympy.printing.precedence
import time:       992 |        992 |                                             sympy.printing.printer
import time:      2428 |       2428 |                                             sympy.printing.str
import time:       383 |        383 |                                                 sympy.core.alphabets
import time:      2577 |       2960 |                                               sympy.printing.pretty.pretty_symbology
import time:      2122 |       5081 |                                             sympy.printing.pretty.stringpict
import time:      8809 |      19283 |                                           sympy.printing.pretty.pretty
import time:      3078 |      22361 |                                         sympy.printing.pretty
import time:      6115 |       6115 |                                         sympy.printing.latex
import time:      3684 |       3684 |                                         sympy.printing.mathml
import time:      1521 |       1521 |                                           sympy.printing.repr
import time:      2224 |       3744 |                                         sympy.printing.python
import time:       647 |        647 |                                                     sympy.functions.combinatorial
import time:      6516 |       7163 |                                                   sympy.functions.combinatorial.factorials
import time:       557 |        557 |                                                       sympy.functions.elementary
import time:      3586 |       3586 |                                                         sympy.functions.elementary.miscellaneous
import time:      3476 |       3476 |                                                         sympy.functions.elementary.piecewise
import time:      7535 |      14597 |                                                       sympy.functions.elementary.complexes
import time:      5846 |      20999 |                                                     sympy.functions.elementary.exponential
import time:      1678 |       1678 |                                                     sympy.polys.appellseqs
import time:     14749 |      37426 |                                                   sympy.functions.combinatorial.numbers
import time:      3759 |       3759 |                                                     sympy.functions.elementary.integers
import time:      1789 |       1789 |                                                     sympy.functions.elementary._trigonometric_special
import time:     15973 |      21520 |                                                   sympy.functions.elementary.trigonometric
import time:      9459 |       9459 |                                                   sympy.functions.elementary.hyperbolic
import time:       691 |        691 |                                                     sympy.functions.special
import time:     11237 |      11237 |                                                     sympy.functions.special.hyper
import time:     11229 |      23156 |                                                   sympy.functions.special.error_functions
import time:      3773 |       3773 |                                                     sympy.functions.special.zeta_functions
import time:      5008 |       8781 |                                                   sympy.functions.special.gamma_functions
import time:      2774 |       2774 |                                                   sympy.functions.special.tensor_functions
import time:      4529 |       4529 |                                                         sympy.polys.polyquinticconst
import time:      3838 |       8366 |                                                       sympy.polys.polyroots
import time:      4066 |      12431 |                                                     sympy.functions.special.delta_functions
import time:      2597 |      15028 |                                                   sympy.functions.special.singularity_functions
import time:     13755 |      13755 |                                                         sympy.sets.sets
import time:      5515 |       5515 |                                                         sympy.sets.fancysets
import time:      1102 |       1102 |                                                         sympy.sets.contains
import time:      1296 |       1296 |                                                         sympy.sets.conditionset
import time:      1494 |       1494 |                                                         sympy.sets.ordinals
import time:      1120 |       1120 |                                                         sympy.sets.powerset
import time:       678 |        678 |                                                           sympy.sets.handlers
import time:      5135 |       5813 |                                                         sympy.sets.handlers.comparison
import time:      6090 |      36181 |                                                       sympy.sets
import time:       103 |      36284 |                                                     sympy.sets.sets
import time:      1155 |      37438 |                                                   sympy.functions.special.bsplines
import time:       849 |        849 |                                                     sympy.polys.orthopolys
import time:      9502 |      10350 |                                                   sympy.functions.special.bessel
import time:      7697 |       7697 |                                                   sympy.functions.special.polynomials
import time:      1931 |       1931 |                                                   sympy.functions.special.spherical_harmonics
import time:      2619 |       2619 |                                                   sympy.functions.special.elliptic_integrals
import time:      2278 |       2278 |                                                   sympy.functions.special.beta_functions
import time:      2574 |       2574 |                                                   sympy.functions.special.mathieu_functions
import time:     20355 |     210540 |                                                 sympy.functions
import time:       112 |     210651 |                                               sympy.functions.elementary
import time:        92 |     210743 |                                             sympy.functions.elementary.complexes
import time:      1983 |     212725 |                                           sympy.printing.codeprinter
import time:      4885 |     217609 |                                         sympy.printing.pycode
import time:      2552 |       2552 |                                           sympy.assumptions.relation.equality
import time:      3131 |       5682 |                                         sympy.printing.smtlib
import time:      1830 |       1830 |                                         sympy.printing.glsl
import time:      1532 |       1532 |                                         sympy.printing.rcode
import time:      1524 |       1524 |                                         sympy.printing.jscode
import time:      1679 |       1679 |                                         sympy.printing.julia
import time:      3267 |       3267 |                                         sympy.printing.mathematica
import time:      2769 |       2769 |                                         sympy.printing.octave
import time:      1104 |       1104 |                                           sympy.utilities.mathml
import time:      1715 |       2819 |                                         sympy.printing.gtk
import time:      1165 |       1165 |                                         sympy.printing.preview
import time:       813 |        813 |                                         sympy.printing.tree
import time:      1121 |       1121 |                                         sympy.printing.tableform
import time:      1171 |       1171 |                                         sympy.printing.dot
import time:      1782 |       1782 |                                         sympy.printing.maple
import time:     18269 |     298926 |                                       sympy.printing
import time:      1822 |     300747 |                                     sympy.printing.defaults
import time:      1542 |       1542 |                                     sympy.utilities.magic
import time:     11767 |     321383 |                                   sympy.polys.rings
import time:      3834 |     349047 |                                 sympy.polys.specialpolys
import time:      1286 |     350332 |                               sympy.polys.polyfuncs
import time:      3846 |       3846 |                                     sympy.polys.puiseux
import time:      3699 |       7545 |                                   sympy.polys.ring_series
import time:      9081 |       9081 |                                   sympy.polys.rootoftools
import time:      7332 |      23957 |                                 sympy.polys.numberfields.minpoly
import time:      1635 |       1635 |                                 sympy.polys.numberfields.subfield
import time:      1202 |       1202 |                                         sympy.polys.matrices.exceptions
import time:      1274 |       1274 |                                         sympy.polys.matrices.domainscalar
import time:      1194 |       1194 |                                             sympy.polys.matrices._typing
import time:      2293 |       3487 |                                           sympy.polys.matrices.dense
import time:      1311 |       1311 |                                           sympy.polys.matrices.lll
import time:      4100 |       4100 |                                           sympy.polys.matrices.sdm
import time:      1131 |       1131 |                                           sympy.polys.matrices.dfm
import time:      8467 |      18494 |                                         sympy.polys.matrices.ddm
import time:      1251 |       1251 |                                         sympy.polys.matrices.rref
import time:      6217 |      28437 |                                       sympy.polys.matrices.domainmatrix
import time:      4278 |      32714 |                                     sympy.polys.matrices
import time:       219 |      32933 |                                   sympy.polys.matrices.exceptions
import time:      3116 |       3116 |                                     sympy.printing.numpy
import time:      2574 |       5690 |                                   sympy.printing.lambdarepr
import time:      2174 |      40796 |                                 sympy.polys.numberfields.utilities
import time:       819 |        819 |                                     sympy.polys.matrices.normalforms
import time:       699 |        699 |                                     sympy.polys.numberfields.exceptions
import time:      3487 |       5005 |                                   sympy.polys.numberfields.modules
import time:      2159 |       7163 |                                 sympy.polys.numberfields.basis
import time:      1548 |       1548 |                                 sympy.polys.numberfields.primes
import time:      3275 |       3275 |                                   sympy.polys.numberfields.galois_resolvents
import time:      3953 |       7227 |                                 sympy.polys.numberfields.galoisgroups
import time:      7190 |      89512 |                               sympy.polys.numberfields
import time:      1263 |       1263 |                                   sympy.matrices.exceptions
import time:      1328 |       1328 |                                   sympy.matrices.kind
import time:      1045 |       1045 |                                       sympy.matrices.utilities
import time:      1809 |       1809 |                                       sympy.matrices.determinant
import time:      3797 |       6650 |                                     sympy.matrices.decompositions
import time:      3821 |       3821 |                                           sympy.tensor.indexed
import time:      1169 |       1169 |                                           sympy.tensor.index_methods
import time:      1801 |       1801 |                                           sympy.tensor.functions
import time:      2099 |       2099 |                                                 sympy.tensor.array.ndim_array
import time:      1728 |       3826 |                                               sympy.tensor.array.mutable_ndim_array
import time:      3039 |       6865 |                                             sympy.tensor.array.dense_ndim_array
import time:      1781 |       1781 |                                             sympy.tensor.array.sparse_ndim_array
import time:      1639 |       1639 |                                             sympy.tensor.array.arrayop
import time:      2581 |       2581 |                                             sympy.tensor.array.array_comprehension
import time:      4196 |      17059 |                                           sympy.tensor.array
import time:      3825 |      27674 |                                         sympy.tensor
import time:       162 |      27835 |                                       sympy.tensor.array
import time:      1096 |       1096 |                                       sympy.matrices.reductions
import time:      3080 |       3080 |                                                     sympy.polys.agca.ideals
import time:      3831 |       6910 |                                                   sympy.polys.agca.modules
import time:      3556 |      10466 |                                                 sympy.polys.agca.homomorphisms
import time:      1464 |      11929 |                                               sympy.polys.agca
import time:      1789 |      13718 |                                             sympy.polys.agca.extensions
import time:      1870 |      15588 |                                           sympy.polys.matrices.eigen
import time:      3453 |      19041 |                                         sympy.matrices.eigen
import time:      2772 |      21812 |                                       sympy.matrices.solvers
import time:      1259 |       1259 |                                       sympy.matrices.inverse
import time:       844 |        844 |                                       sympy.matrices.subspaces
import time:      1229 |       1229 |                                       sympy.matrices.graph
import time:     15694 |      69767 |                                     sympy.matrices.matrixbase
import time:      3355 |       3355 |                                     sympy.matrices.repmatrix
import time:     11093 |      90863 |                                   sympy.matrices.dense
import time:      1946 |       1946 |                                   sympy.matrices.sparse
import time:      1271 |       1271 |                                   sympy.matrices.sparsetools
import time:       417 |        417 |                                                 sympy.strategies.util
import time:      1231 |       1647 |                                               sympy.strategies.rl
import time:      1038 |       1038 |                                                 sympy.strategies.core
import time:      1457 |       2495 |                                               sympy.strategies.traverse
import time:      1515 |       1515 |                                               sympy.strategies.tools
import time:       866 |        866 |                                                   sympy.strategies.branch.core
import time:      1385 |       2250 |                                                 sympy.strategies.branch.traverse
import time:       586 |        586 |                                                 sympy.strategies.branch.tools
import time:      1039 |       3874 |                                               sympy.strategies.branch
import time:      2120 |      11649 |                                             sympy.strategies
import time:      1290 |       1290 |                                             sympy.matrices.expressions._shape
import time:      2131 |       2131 |                                                 sympy.matrices.expressions.special
import time:      2017 |       4148 |                                               sympy.matrices.expressions.matpow
import time:      1211 |       5359 |                                             sympy.matrices.expressions.inverse
import time:      1368 |       1368 |                                             sympy.matrices.expressions.transpose
import time:      1636 |       1636 |                                             sympy.matrices.expressions.permutation
import time:      4155 |      25455 |                                           sympy.matrices.expressions.matmul
import time:      1465 |       1465 |                                           sympy.matrices.expressions.matadd
import time:      1351 |       1351 |                                           sympy.matrices.expressions.determinant
import time:     11057 |      39326 |                                         sympy.matrices.expressions.matexpr
import time:      1887 |      41213 |                                       sympy.matrices.expressions.slice
import time:       941 |        941 |                                         sympy.matrices.expressions.trace
import time:      2690 |       3631 |                                       sympy.matrices.expressions.blockmatrix
import time:      1938 |       1938 |                                       sympy.matrices.expressions.companion
import time:      1970 |       1970 |                                       sympy.matrices.expressions.funcmatrix
import time:      1870 |       1870 |                                       sympy.matrices.expressions.adjoint
import time:      1910 |       1910 |                                       sympy.matrices.expressions.hadamard
import time:      3498 |       3498 |                                       sympy.matrices.expressions.diagonal
import time:       955 |        955 |                                       sympy.matrices.expressions.dotproduct
import time:      1525 |       1525 |                                       sympy.matrices.expressions.kronecker
import time:      1120 |       1120 |                                       sympy.matrices.expressions.sets
import time:      7381 |      67004 |                                     sympy.matrices.expressions
import time:      4527 |      71531 |                                   sympy.matrices.immutable
import time:      6407 |     174606 |                                 sympy.matrices
import time:      1432 |     176037 |                               sympy.polys.partfrac
import time:      2607 |       2607 |                               sympy.polys.fields
import time:      8695 |     745896 |                             sympy.polys
import time:      2175 |       2175 |                               sympy.series.order
import time:      1000 |       1000 |                                     sympy.calculus.euler
import time:       963 |        963 |                                     sympy.calculus.singularities
import time:       935 |        935 |                                     sympy.calculus.finite_diff
import time:      3389 |       3389 |                                       sympy.calculus.accumulationbounds
import time:      2710 |       6098 |                                     sympy.calculus.util
import time:      3412 |      12406 |                                   sympy.calculus
import time:       145 |      12551 |                                 sympy.calculus.accumulationbounds
import time:      1595 |       1595 |                                 sympy.series.gruntz
import time:      2135 |      16280 |                               sympy.series.limits
import time:       541 |        541 |                               sympy.series.series
import time:       883 |        883 |                               sympy.series.approximants
import time:       575 |        575 |                               sympy.series.residues
import time:      3648 |       3648 |                               sympy.series.sequences
import time:       935 |        935 |                                 sympy.series.series_class
import time:      2303 |       3238 |                               sympy.series.fourier
import time:      2127 |       2127 |                                     sympy.discrete.transforms
import time:      1237 |       1237 |                                     sympy.discrete.convolutions
import time:      3180 |       6543 |                                   sympy.discrete
import time:       204 |       6747 |                                 sympy.discrete.convolutions
import time:      6124 |      12870 |                               sympy.series.formal
import time:      1285 |       1285 |                               sympy.series.limitseq
import time:      8652 |      50143 |                             sympy.series
import time:      1880 |       1880 |                                   sympy.concrete.expr_with_limits
import time:      2099 |       3979 |                                 sympy.concrete.expr_with_intlimits
import time:      1183 |       1183 |                                   sympy.concrete.gosper
import time:       925 |        925 |                                         sympy.integrals.rationaltools
import time:      2478 |       2478 |                                         sympy.integrals.deltafunctions
import time:      2731 |       2731 |                                         sympy.integrals.meijerint
import time:       903 |        903 |                                         sympy.integrals.trigonometry
import time:      5640 |      12675 |                                       sympy.integrals.integrals
import time:       354 |        354 |                                               sympy.polys.domainmatrix
import time:      1193 |       1547 |                                             sympy.polys.solvers
import time:      1288 |       2834 |                                           sympy.polys.matrices.linsolve
import time:      6662 |       9495 |                                         sympy.integrals.laplace
import time:      6884 |      16379 |                                       sympy.integrals.transforms
import time:       605 |        605 |                                       sympy.integrals.singularityfunctions
import time:      1238 |      30895 |                                     sympy.integrals
import time:       153 |      31047 |                                   sympy.integrals.integrals
import time:      4129 |      36358 |                                 sympy.concrete.summations
import time:      4156 |      44491 |                               sympy.concrete.products
import time:      1695 |      46186 |                             sympy.concrete
import time:      1592 |       1592 |                                   sympy.simplify.gammasimp
import time:      1512 |       3103 |                                 sympy.simplify.combsimp
import time:       712 |        712 |                                 sympy.simplify.cse_opts
import time:      1117 |       1117 |                                   sympy.simplify.powsimp
import time:      4915 |       6031 |                                 sympy.simplify.hyperexpand
import time:      1686 |       1686 |                                   sympy.simplify.sqrtdenest
import time:      3227 |       4913 |                                 sympy.simplify.radsimp
import time:      1660 |       1660 |                                   sympy.simplify.cse_main
import time:       768 |        768 |                                   sympy.strategies.tree
import time:      3432 |       5860 |                                 sympy.simplify.trigsimp
import time:      8545 |      29162 |                               sympy.simplify.simplify
import time:      4024 |       4024 |                               sympy.simplify.fu
import time:      1419 |       1419 |                               sympy.simplify.epathtools
import time:       797 |        797 |                               sympy.simplify.ratsimp
import time:      5980 |      41379 |                             sympy.simplify
import time:      1518 |       1518 |                                 sympy.solvers.polysys
import time:      3382 |       3382 |                                 sympy.solvers.bivariate
import time:      5564 |      10462 |                               sympy.solvers.solvers
import time:      3039 |       3039 |                                     sympy.solvers.solveset
import time:      6594 |       9632 |                                   sympy.solvers.diophantine.diophantine
import time:      3374 |      13006 |                                 sympy.solvers.diophantine
import time:       162 |      13168 |                               sympy.solvers.diophantine.diophantine
import time:      1653 |       1653 |                               sympy.solvers.recurr
import time:      1071 |       1071 |                                   sympy.solvers.deutils
import time:      1252 |       1252 |                                     sympy.solvers.ode.riccati
import time:      3318 |       3318 |                                     sympy.solvers.ode.hypergeometric
import time:      1108 |       1108 |                                       sympy.solvers.ode.subscheck
import time:      2404 |       3512 |                                     sympy.solvers.ode.nonhomogeneous
import time:      1309 |       1309 |                                       sympy.solvers.pde
import time:      2587 |       3896 |                                     sympy.solvers.ode.lie_group
import time:      7312 |      19288 |                                   sympy.solvers.ode.single
import time:     17892 |      38249 |                                 sympy.solvers.ode.ode
import time:      2291 |       2291 |                                 sympy.solvers.ode.systems
import time:      2464 |      43004 |                               sympy.solvers.ode
import time:      1451 |       1451 |                               sympy.solvers.inequalities
import time:       684 |        684 |                               sympy.solvers.decompogen
import time:      1158 |       1158 |                               sympy.solvers.simplex
import time:      4726 |      76303 |                             sympy.solvers
import time:       679 |        679 |                                 sympy.geometry.exceptions
import time:     15001 |      15001 |                                   sympy.sets.handlers.intersection
import time:      7416 |       7416 |                                   sympy.sets.handlers.union
import time:      9398 |      31815 |                                 sympy.geometry.entity
import time:      4413 |      36905 |                               sympy.geometry.point
import time:      2122 |       2122 |                                 sympy.geometry.util
import time:      7811 |       9933 |                               sympy.geometry.line
import time:      1850 |       1850 |                               sympy.geometry.plane
import time:      4455 |       4455 |                                 sympy.geometry.polygon
import time:      4305 |       8760 |                               sympy.geometry.ellipse
import time:      1667 |       1667 |                               sympy.geometry.curve
import time:      1427 |       1427 |                               sympy.geometry.parabola
import time:      6825 |      67364 |                             sympy.geometry
import time:      3984 |       3984 |                               sympy.parsing.sympy_parser
import time:      1900 |       5884 |                             sympy.parsing
import time:      2457 |       2457 |                               sympy.algebras.quaternion
import time:      1958 |       4415 |                             sympy.algebras
import time:       663 |        663 |                                   sympy.plotting.backends
import time:      1120 |       1120 |                                     sympy.plotting.utils
import time:       813 |        813 |                                         sympy.plotting.intervalmath.interval_membership
import time:      1811 |       2623 |                                       sympy.plotting.intervalmath.interval_arithmetic
import time:      1090 |       1090 |                                       sympy.plotting.intervalmath.lib_interval
import time:      2110 |       5823 |                                     sympy.plotting.intervalmath
import time:      5716 |      12657 |                                   sympy.plotting.series
import time:      3192 |      16511 |                                 sympy.plotting.backends.base_backend
import time:      1659 |       1659 |                                   sympy.plotting.backends.matplotlibbackend.matplotlib
import time:      1419 |       3078 |                                 sympy.plotting.backends.matplotlibbackend
import time:       634 |        634 |                                     sympy.plotting.textplot
import time:      1313 |       1946 |                                   sympy.plotting.backends.textbackend.text
import time:      1442 |       3388 |                                 sympy.plotting.backends.textbackend
import time:       840 |        840 |                                 sympy.plotting.plotgrid
import time:      4222 |      28037 |                               sympy.plotting.plot
import time:       889 |        889 |                               sympy.plotting.plot_implicit
import time:       618 |        618 |                               sympy.plotting.pygletplot
import time:      2974 |      32517 |                             sympy.plotting
import time:      1477 |       1477 |                               sympy.interactive.printing
import time:      1593 |       1593 |                               sympy.interactive.session
import time:       617 |        617 |                               sympy.interactive.traversal
import time:      2452 |       6137 |                             sympy.interactive
import time:      9166 |    1401493 |                           sympy
import time:      5024 |       5024 |                           torch.fx.experimental.recording
import time:       580 |        580 |                             torch.utils._sympy
import time:      2179 |       2179 |                             torch.utils._sympy.numbers
import time:     15428 |      18186 |                           torch.utils._sympy.functions
import time:      3041 |       3041 |                           torch.utils._sympy.printers
import time:      3063 |       3063 |                           torch.utils._sympy.singleton_int
import time:      1084 |       1084 |                           torch.utils._sympy.solve
import time:      1429 |       1429 |                           torch.utils._sympy.symbol
import time:       840 |        840 |                             torch.utils._sympy.interp
import time:      5301 |       6141 |                           torch.utils._sympy.value_ranges
import time:      1192 |       1192 |                           torch.fx.experimental._size_hinting
import time:     59080 |    1499729 |                         torch.fx.experimental.symbolic_shapes
import time:      1871 |       1871 |                         torch._dynamo.metrics_context
import time:      1651 |       1651 |                         torch.utils._triton
import time:       890 |        890 |                         torch._dynamo.graph_utils
import time:       850 |        850 |                               torch._numpy._casting_dicts
import time:      1275 |       2125 |                             torch._numpy._dtypes_impl
import time:       817 |        817 |                             torch._numpy._util
import time:      1412 |       1412 |                               torch._numpy._dtypes
import time:       750 |       2161 |                             torch._numpy._normalizations
import time:      2032 |       7133 |                           torch._numpy.fft
import time:      1582 |       1582 |                           torch._numpy.linalg
import time:       771 |        771 |                           torch._numpy.random
import time:      3013 |       3013 |                             torch._numpy._funcs_impl
import time:       977 |        977 |                             torch._numpy._reductions_impl
import time:      2789 |       6777 |                           torch._numpy._funcs
import time:       821 |        821 |                           torch._numpy._getlimits
import time:       872 |        872 |                               torch._numpy._binary_ufuncs_impl
import time:       658 |        658 |                               torch._numpy._unary_ufuncs_impl
import time:      3913 |       5441 |                             torch._numpy._ufuncs
import time:      2822 |       8262 |                           torch._numpy._ndarray
import time:      4981 |      30325 |                         torch._numpy
import time:      1242 |       1242 |                           numpy.fft._helper
import time:      2046 |       2046 |                             numpy.fft._pocketfft_umath
import time:      2591 |       4636 |                           numpy.fft._pocketfft
import time:       690 |        690 |                           numpy.fft.helper
import time:      2830 |       9397 |                         numpy.fft
import time:      1775 |       1775 |                               numpy.random._common
import time:      1917 |       3691 |                             numpy.random.bit_generator
import time:      1228 |       4919 |                           numpy.random._bounded_integers
import time:      1305 |       1305 |                               numpy.random._pcg64
import time:      1004 |       1004 |                               numpy.random._mt19937
import time:      4793 |       7102 |                             numpy.random._generator
import time:      1394 |       1394 |                             numpy.random._philox
import time:      2290 |       2290 |                             numpy.random._sfc64
import time:      6670 |       6670 |                             numpy.random.mtrand
import time:      1180 |      18634 |                           numpy.random._pickle
import time:      1605 |      25156 |                         numpy.random
import time:       225 |        225 |                                   triton._C
import time:    168675 |     168900 |                                 triton._C.libtriton
import time:      8771 |     177670 |                               triton.knobs
import time:       977 |        977 |                                   triton.backends.driver
import time:      3310 |       3310 |                                   triton.backends.compiler
import time:       978 |        978 |                                   triton.runtime._allocation
import time:      1553 |       1553 |                                     triton.runtime.cache
import time:      1524 |       3077 |                                   triton.runtime.build
import time:       420 |        420 |                                     triton.errors
import time:      1116 |       1535 |                                   triton.runtime.errors
import time:     81577 |      91452 |                                 triton.backends
import time:       905 |        905 |                                 triton.runtime.driver
import time:      1553 |       1553 |                                 triton.runtime._async_compile
import time:       814 |        814 |                                 triton._utils
import time:      6521 |     101242 |                               triton.runtime.jit
import time:      3219 |     282131 |                             triton.runtime.autotuner
import time:      2211 |     284341 |                           triton.runtime
import time:       510 |        510 |                                 triton.tools
import time:      1636 |       2146 |                               triton.tools.disasm
import time:      2636 |       4781 |                             triton.compiler.compiler
import time:       930 |        930 |                             triton.compiler.errors
import time:      2046 |       7756 |                           triton.compiler
import time:     18071 |      18071 |                               triton.language.core
import time:      4270 |      22341 |                             triton.language.math
import time:      8085 |       8085 |                                 triton.language.extra.cuda.libdevice
import time:      1148 |       1148 |                                 triton.language.extra.cuda.utils
import time:       644 |        644 |                                 triton.language.extra.cuda.gdc
import time:      1740 |      11615 |                               triton.language.extra.cuda
import time:      3143 |       3143 |                                 triton.language.extra.hip.libdevice
import time:       729 |        729 |                                 triton.language.extra.hip.utils
import time:      1228 |       5100 |                               triton.language.extra.hip
import time:      2632 |      19346 |                             triton.language.extra
import time:     23977 |      23977 |                             triton.language.standard
import time:      7664 |       7664 |                             triton.language.random
import time:      1930 |       1930 |                             triton.language.target_info
import time:      4296 |      79552 |                           triton.language
import time:       154 |        154 |                               _statistics
import time:      2650 |       2803 |                             statistics
import time:      3022 |       5825 |                           triton.testing
import time:      3234 |     380706 |                         triton
import time:     26187 |    1990133 |                       torch._dynamo.utils
import time:      6652 |    1996784 |                     torch._dynamo.exc
import time:      1360 |       1360 |                     torch.utils._functools
import time:       557 |        557 |                     torch._dynamo.graph_break_hints
import time:       619 |        619 |                     torch._dynamo.logging
import time:       940 |        940 |                             torch._dynamo.aot_compile_types
import time:      2652 |       2652 |                               ctypes.wintypes
import time:      1272 |       1272 |                                 torch._inductor.custom_graph_pass
import time:     33154 |      34426 |                               torch._inductor.config
import time:      2168 |       2168 |                               torch._inductor.exc
import time:       627 |        627 |                                     torch._inductor.analysis
import time:      3237 |       3864 |                                   torch._inductor.analysis.device_info
import time:       625 |        625 |                                     torch._inductor.runtime
import time:      4593 |       5218 |                                   torch._inductor.runtime.hints
import time:       668 |        668 |                                     torch.utils._pallas
import time:      4301 |       4968 |                                   torch._dynamo.device_interface
import time:      1816 |       1816 |                                   torch.fx.passes.graph_transform_observer
import time:       587 |        587 |                                     torch._inductor.runtime.cache_dir_utils
import time:       243 |        243 |                                     colorama
import time:      2370 |       3198 |                                   torch._inductor.runtime.runtime_utils
import time:     21607 |      40668 |                                 torch._inductor.utils
import time:     13567 |      54235 |                               torch._inductor.cpu_vec_isa
import time:      6756 |     100236 |                             torch._inductor.cpp_builder
import time:     14669 |      14669 |                             torch._inductor.cudagraph_utils
import time:      5042 |     120885 |                           torch._inductor.standalone_compile
import time:      4126 |     125011 |                         torch._inductor
import time:      1593 |     126603 |                       torch._inductor.test_operators
import time:      4298 |       4298 |                           torch._dynamo.bytecode_analysis
import time:      7911 |      12209 |                         torch._dynamo.bytecode_transformation
import time:      7773 |      19982 |                       torch._dynamo.resume_execution
import time:      1369 |       1369 |                           torch._dynamo.current_scope_id
import time:       930 |        930 |                             torch.utils._device
import time:    337375 |     337375 |                             torch._dynamo.source
import time:      7340 |       7340 |                               torch._dynamo.types
import time:       689 |        689 |                               torch.fx.experimental._dynamism
import time:      1479 |       1479 |                               torch._dynamo.external_utils
import time:       845 |        845 |                                 torch._dynamo.backends
import time:      1780 |       2624 |                               torch._dynamo.backends.registry
import time:      1086 |       1086 |                               torch._dynamo.code_context
import time:      2814 |       2814 |                               torch._dynamo.hooks
import time:      1269 |       1269 |                               torch._dynamo.mutation_guard
import time:     12235 |      29533 |                             torch._dynamo.eval_frame
import time:    122463 |     490300 |                           torch._dynamo.guards
import time:       837 |        837 |                             torch._dynamo.graph_bytecode_inputs
import time:      1263 |       1263 |                                     torch.nn.utils._expanded_weights.expanded_weights_impl
import time:      1592 |       2854 |                                   torch.nn.utils._expanded_weights.expanded_weights_utils
import time:      1692 |       4546 |                                 torch.nn.utils._expanded_weights.conv_utils
import time:      3478 |       8023 |                               torch.nn.utils._expanded_weights.conv_expanded_weights
import time:      1115 |       1115 |                               torch.nn.utils._expanded_weights.embedding_expanded_weights
import time:      1233 |       1233 |                               torch.nn.utils._expanded_weights.group_norm_expanded_weights
import time:      1122 |       1122 |                               torch.nn.utils._expanded_weights.instance_norm_expanded_weights
import time:      1152 |       1152 |                               torch.nn.utils._expanded_weights.layer_norm_expanded_weights
import time:      1188 |       1188 |                               torch.nn.utils._expanded_weights.linear_expanded_weights
import time:      4399 |      18230 |                             torch.nn.utils._expanded_weights
import time:      9074 |       9074 |                             torch._dynamo.replay_record
import time:      9446 |       9446 |                             torch._dynamo.pgo
import time:      1515 |       1515 |                                   torch._dynamo.polyfills
import time:      1519 |       1519 |                                   torch._dynamo.variables.constant
import time:      1286 |       1286 |                                       torch._dynamo.create_parameter_op
import time:      1380 |       1380 |                                         torch._dynamo.variables.hashable
import time:      2632 |       2632 |                                         torch._dynamo.variables.sets
import time:      6910 |      10921 |                                       torch._dynamo.variables.dicts
import time:      1185 |       1185 |                                       torch.utils._cxx_pytree
import time:     11571 |      24962 |                                     torch._dynamo.variables.user_defined
import time:       501 |        501 |                                             torch.distributed._composable_state
import time:       423 |        423 |                                               torch.distributed.algorithms._checkpoint
import time:      1835 |       2257 |                                             torch.distributed.algorithms._checkpoint.checkpoint_wrapper
import time:     12434 |      12434 |                                             torch.distributed.fsdp.api
import time:      4437 |      19627 |                                           torch.distributed.fsdp._common_utils
import time:       725 |        725 |                                             torch.testing._internal.distributed
import time:      1143 |       1868 |                                           torch.testing._internal.distributed.fake_pg
import time:       346 |        346 |                                                         torch.distributed._shard.common_op_utils
import time:       856 |       1201 |                                                       torch.distributed._shard.op_registry_utils
import time:      1450 |       1450 |                                                           torch.distributed._shard.metadata
import time:      3314 |       3314 |                                                             torch.distributed._shard.sharded_tensor.metadata
import time:       964 |        964 |                                                             torch.distributed._shard.sharding_spec._internals
import time:      3936 |       8214 |                                                           torch.distributed._shard.sharding_spec.api
import time:       724 |        724 |                                                             torch.distributed._shard._utils
import time:      2225 |       2225 |                                                             torch.distributed._shard.sharded_tensor.shard
import time:      1505 |       1505 |                                                             torch.distributed._shard.sharded_tensor.utils
import time:      5127 |       9578 |                                                           torch.distributed._shard.sharding_spec.chunk_sharding_spec
import time:      2119 |      21360 |                                                         torch.distributed._shard.sharding_spec
import time:      2164 |       2164 |                                                               torch.distributed.nn.functional
import time:       653 |        653 |                                                                 torch.distributed.nn.api
import time:       496 |        496 |                                                                 torch.distributed.nn.jit
import time:       346 |        346 |                                                                     torch.distributed.nn.jit.templates
import time:       432 |        777 |                                                                   torch.distributed.nn.jit.templates.remote_module_template
import time:      1359 |       2136 |                                                                 torch.distributed.nn.jit.instantiator
import time:      4784 |       8068 |                                                               torch.distributed.nn.api.remote_module
import time:      2143 |      12373 |                                                             torch.distributed.nn
import time:        64 |      12437 |                                                           torch.distributed.nn.functional
import time:       915 |      13351 |                                                         torch.distributed._shard.sharded_tensor.reshard
import time:      3894 |      38605 |                                                       torch.distributed._shard.sharded_tensor.api
import time:      1203 |       1203 |                                                         torch.distributed._shard.sharded_tensor._ops.misc_ops
import time:       531 |        531 |                                                           torch.distributed._shard.sharded_tensor._ops._common
import time:      1970 |       2500 |                                                         torch.distributed._shard.sharded_tensor._ops.tensor_ops
import time:       420 |        420 |                                                           torch.distributed._shard.sharding_spec.chunk_sharding_spec_ops
import time:       654 |        654 |                                                           torch.distributed._shard.sharding_spec.chunk_sharding_spec_ops._common
import time:      1802 |       2875 |                                                         torch.distributed._shard.sharding_spec.chunk_sharding_spec_ops.embedding
import time:       926 |        926 |                                                         torch.distributed._shard.sharding_spec.chunk_sharding_spec_ops.embedding_bag
import time:      1084 |       1084 |                                                         torch.distributed._shard.sharded_tensor._ops.binary_cmp
import time:      1512 |       1512 |                                                         torch.distributed._shard.sharded_tensor._ops.init
import time:      3104 |      13202 |                                                       torch.distributed._shard.sharded_tensor._ops
import time:      2553 |      55560 |                                                     torch.distributed._shard.sharded_tensor
import time:       646 |        646 |                                                     torch.distributed._shard.sharder
import time:      2416 |       2416 |                                                       torch.distributed._shard.sharding_plan.api
import time:       937 |       3353 |                                                     torch.distributed._shard.sharding_plan
import time:      1611 |      61168 |                                                   torch.distributed._shard.api
import time:      1148 |      62315 |                                                 torch.distributed._shard
import time:        98 |      62413 |                                               torch.distributed._shard.sharded_tensor
import time:        71 |      62483 |                                             torch.distributed._shard.sharded_tensor.api
import time:       739 |        739 |                                                           torch.distributed._functional_collectives_impl
import time:       974 |        974 |                                                           torch.utils._cxx_pytree
import time:    132662 |     134374 |                                                         torch.distributed._functional_collectives
import time:      2185 |       2185 |                                                           torch.distributed._local_tensor._c10d
import time:      6781 |       8965 |                                                         torch.distributed._local_tensor
import time:      9980 |       9980 |                                                         torch.distributed.tensor._collective_utils
import time:      1895 |       1895 |                                                         torch.distributed.tensor._ops._mask_buffer
import time:      6648 |     161859 |                                                       torch.distributed.tensor.placement_types
import time:      7009 |     168867 |                                                     torch.distributed.tensor._dtensor_spec
import time:      1135 |       1135 |                                                       torch.utils._cxx_pytree
import time:      7360 |       8494 |                                                     torch.distributed.tensor._op_schema
import time:       472 |        472 |                                                       torch.distributed.tensor.device_mesh
import time:      6203 |       6675 |                                                     torch.distributed.tensor._ops.single_dim_strategy
import time:      1556 |       1556 |                                                           torch.distributed.tensor._random
import time:      1212 |       1212 |                                                             torch.distributed.tensor._utils
import time:      1808 |       3019 |                                                           torch.distributed.tensor._nonlinear_redux
import time:      8616 |       8616 |                                                           torch.distributed.tensor._redistribute
import time:      1401 |       1401 |                                                             torch.distributed.tensor._decompositions
import time:      2757 |       4158 |                                                           torch.distributed.tensor._sharding_prop
import time:       861 |        861 |                                                           torch.distributed.tensor._tp_conv
import time:      1066 |       1066 |                                                           torch.utils._cxx_pytree
import time:     16327 |      35600 |                                                         torch.distributed.tensor._dispatch
import time:      3798 |      39398 |                                                       torch.distributed.tensor._api
import time:      3267 |      42664 |                                                     torch.distributed.tensor._ops.utils
import time:      6018 |     232716 |                                                   torch.distributed.tensor._ops._conv_ops
import time:      1122 |       1122 |                                                   torch.distributed.tensor._ops._embedding_ops
import time:      9014 |       9014 |                                                   torch.distributed.tensor._ops._math_ops
import time:      2177 |       2177 |                                                     torch.distributed.tensor._ops._einsum_strategy
import time:      2812 |       4988 |                                                   torch.distributed.tensor._ops._matrix_ops
import time:     69789 |      69789 |                                                   torch.distributed.tensor._ops._pointwise_ops
import time:       974 |        974 |                                                   torch.distributed.tensor._ops._random_ops
import time:      3845 |       3845 |                                                   torch.distributed.tensor._ops._tensor_ops
import time:      9674 |       9674 |                                                   torch.distributed.tensor._ops._view_ops
import time:     10967 |     343085 |                                                 torch.distributed.tensor._ops
import time:      1240 |     344324 |                                               torch.distributed.tensor
import time:      1225 |     345548 |                                             torch.distributed.fsdp._shard_utils
import time:      1415 |     409446 |                                           torch.distributed.fsdp._fsdp_extensions
import time:      8210 |     439149 |                                         torch.distributed.fsdp._flat_param
import time:      6443 |       6443 |                                           torch.distributed.fsdp._fully_shard._fsdp_api
import time:      1164 |       1164 |                                                 torch.distributed._composable.contract
import time:      1592 |       2755 |                                               torch.distributed._composable.checkpoint_activation
import time:      1103 |       1103 |                                               torch.distributed._composable.replicate
import time:      1360 |       5217 |                                             torch.distributed._composable
import time:     10376 |      10376 |                                             torch.distributed.fsdp._fully_shard._fsdp_common
import time:      5752 |       5752 |                                                     torch.distributed._symmetric_memory
import time:      6184 |       6184 |                                                     torch.distributed.fsdp._fully_shard._fsdp_param
import time:      5665 |      17600 |                                                   torch.distributed.fsdp._fully_shard._fsdp_collectives
import time:      4412 |      22011 |                                                 torch.distributed.fsdp._fully_shard._fsdp_param_group
import time:      2660 |      24671 |                                               torch.distributed.fsdp._fully_shard._fsdp_state
import time:      2142 |      26812 |                                             torch.distributed.fsdp._fully_shard._fsdp_init
import time:      3194 |      45598 |                                           torch.distributed.fsdp._fully_shard._fully_shard
import time:      2195 |      54235 |                                         torch.distributed.fsdp._fully_shard
import time:       754 |        754 |                                           torch.distributed.fsdp._traversal_utils
import time:       798 |        798 |                                             torch.distributed.algorithms._comm_hooks.default_hooks
import time:       844 |       1641 |                                           torch.distributed.algorithms._comm_hooks
import time:       539 |        539 |                                           torch.distributed.fsdp._dynamo_utils
import time:      2559 |       2559 |                                             torch.distributed.fsdp._exec_order_utils
import time:       585 |        585 |                                             torch.distributed.fsdp._limiter_utils
import time:      1389 |       1389 |                                             torch.distributed.fsdp.wrap
import time:      1560 |       1560 |                                                   torch.distributed.tensor.parallel.style
import time:      1670 |       3229 |                                                 torch.distributed.tensor.parallel.api
import time:      1407 |       1407 |                                                 torch.distributed.tensor.parallel.loss
import time:      1637 |       6273 |                                               torch.distributed.tensor.parallel
import time:       513 |        513 |                                               torch.distributed.tensor.parallel._data_parallel_utils
import time:      1387 |       8172 |                                             torch.distributed.tensor.parallel.fsdp
import time:       250 |        250 |                                             torchdistx
import time:      3753 |      16706 |                                           torch.distributed.fsdp._init_utils
import time:      2858 |       2858 |                                           torch.distributed.fsdp._runtime_utils
import time:      1063 |       1063 |                                           torch.distributed.fsdp._wrap_utils
import time:       510 |        510 |                                               torch.cuda._pin_memory_utils
import time:      3212 |       3721 |                                             torch.distributed._state_dict_utils
import time:      1354 |       1354 |                                             torch.distributed.fsdp._debug_utils
import time:      8735 |      13809 |                                           torch.distributed.fsdp._optim_utils
import time:       972 |        972 |                                             torch.distributed.fsdp._unshard_param_utils
import time:      2501 |       3472 |                                           torch.distributed.fsdp._state_dict_utils
import time:     10051 |      50889 |                                         torch.distributed.fsdp.fully_sharded_data_parallel
import time:      5032 |     549304 |                                       torch.distributed.fsdp
import time:       116 |     549419 |                                     torch.distributed.fsdp._fully_shard
import time:     13175 |      13175 |                                     torch._higher_order_ops.triton_kernel_wrap
import time:     24230 |     611786 |                                   torch._dynamo.variables.functions
import time:      2595 |       2595 |                                   torch._dynamo.variables.iter
import time:      9585 |     626997 |                                 torch._dynamo.variables.lists
import time:     12101 |     639098 |                               torch._dynamo.variables.misc
import time:      2702 |       2702 |                                   torch._dynamo.variables.lazy
import time:      3313 |       6014 |                                 torch._dynamo.variables.nn_module
import time:      1803 |       1803 |                                 torch._dynamo.variables.script_object
import time:     43871 |      43871 |                                         torch._functorch._aot_autograd.descriptors
import time:      3939 |       3939 |                                         torch._functorch._aot_autograd.functional_utils
import time:     29410 |      29410 |                                         torch._functorch._aot_autograd.schemas
import time:      2280 |       2280 |                                         torch._functorch._aot_autograd.subclass_utils
import time:      6712 |      86211 |                                       torch._functorch._aot_autograd.collect_metadata_analysis
import time:      3746 |       3746 |                                         torch._decomp.decompositions_for_rng
import time:       808 |        808 |                                         torch._functorch._aot_autograd.logging_utils
import time:      6685 |      11237 |                                       torch._functorch._aot_autograd.graph_capture_wrappers
import time:      1336 |       1336 |                                       torch._functorch._aot_autograd.input_output_analysis
import time:     36213 |     134995 |                                     torch._functorch._aot_autograd.runtime_wrappers
import time:      6625 |     141620 |                                   torch._dynamo.compiled_autograd
import time:     18183 |      18183 |                                   torch._dynamo._trace_wrapped_higher_order_op
import time:      4827 |     164629 |                                 torch._dynamo.variables.tensor
import time:      5496 |       5496 |                                   torch._dynamo.variables.ctx_manager
import time:      5253 |      10749 |                                 torch._dynamo.variables.torch_function
import time:      8548 |     191741 |                               torch._dynamo.codegen
import time:      6082 |     836920 |                             torch._dynamo.side_effects
import time:      7838 |       7838 |                             torch._dynamo.variables.builtin
import time:      1516 |       1516 |                             torch._dynamo.variables.distributed
import time:     11421 |      11421 |                               torch._dynamo.variables.invoke_subgraph
import time:     14355 |      25775 |                             torch._dynamo.variables.higher_order_ops
import time:      1819 |       1819 |                             torch._dynamo.variables.optimizer
import time:      1234 |       1234 |                             torch._dynamo.variables.sdpa
import time:     38868 |      38868 |                             torch._dynamo.variables.streams
import time:      5427 |       5427 |                             torch._dynamo.variables.torch
import time:     20798 |     977776 |                           torch._dynamo.variables.builder
import time:      9954 |    1479398 |                         torch._dynamo.variables.base
import time:      1675 |    1481072 |                       torch._dynamo.variables
import time:     26847 |    1654502 |                     torch._dynamo.trace_rules
import time:      1742 |       1742 |                           torch._dynamo.graph_region_tracker
import time:      2460 |       4202 |                         torch._dynamo.graph_deduplication
import time:      1896 |       1896 |                         torch._dynamo.graph_id_filter
import time:     30726 |      36822 |                       torch._dynamo.output_graph
import time:      6446 |      43268 |                     torch._dynamo.comprehension_graph_break
import time:       657 |        657 |                     torch._dynamo.funcname_cache
import time:     51007 |    3752918 |                   torch._dynamo.symbolic_convert
import time:      1996 |       1996 |                     torch._dynamo.comptime
import time:      8038 |      10034 |                   torch._dynamo.decorators
import time:      1955 |       1955 |                   torch._dynamo.cache_size
import time:     25601 |    3821364 |                 torch._dynamo.convert_frame
import time:     20940 |      20940 |                 torch._dynamo.package
import time:     12819 |    3855122 |               torch._dynamo.aot_compile
import time:      8226 |       8226 |               torch._dynamo.bytecode_debugger
import time:      4897 |       4897 |               torch._dynamo.functional_export
import time:       934 |        934 |                 torch.onnx.errors
import time:       444 |        444 |                     torch.onnx.ops._dtype_mappings
import time:     17814 |      18257 |                   torch.onnx.ops._impl
import time:     20577 |      20577 |                   torch.onnx.ops._symbolic_impl
import time:      1012 |      39845 |                 torch.onnx.ops
import time:       567 |        567 |                     torch.onnx._internal
import time:       967 |       1533 |                   torch.onnx._internal.exporter
import time:      1416 |       2949 |                 torch.onnx._internal.exporter._exportable_module
import time:       563 |        563 |                     torch.onnx._internal._lazy_import
import time:       705 |        705 |                     torch.onnx._internal.exporter._dynamic_shapes
import time:       286 |        286 |                       torch.onnx._internal.exporter._constants
import time:       838 |       1124 |                     torch.onnx._internal.exporter._ir_passes
import time:      1888 |       4278 |                   torch.onnx._internal.exporter._onnx_program
import time:      1651 |       5928 |                 torch.onnx._internal.exporter._input_observer
import time:       386 |        386 |                 torch.onnx._internal.torchscript_exporter
import time:       516 |        516 |                   torch.onnx._constants
import time:      2160 |       2160 |                   torch.onnx._internal.torchscript_exporter._type_utils
import time:      2277 |       2277 |                     torch.onnx._internal.torchscript_exporter.registration
import time:       678 |        678 |                     torch.onnx._internal.torchscript_exporter._globals
import time:      4676 |       7630 |                   torch.onnx._internal.torchscript_exporter.jit_utils
import time:      1250 |       1250 |                     torch.onnx._internal.torchscript_exporter.onnx_proto_utils
import time:      2724 |       3974 |                   torch.onnx._internal.torchscript_exporter.utils
import time:      3005 |      17283 |                 torch.onnx._internal.torchscript_exporter.symbolic_helper
import time:      9907 |       9907 |                   torch.onnx._internal.torchscript_exporter.symbolic_opset9
import time:      2859 |      12765 |                 torch.onnx._internal.torchscript_exporter.symbolic_opset10
import time:      1106 |       1106 |                 torch._functorch.make_functional
import time:     76186 |     157378 |               torch._dynamo.polyfills.loader
import time:      1755 |    4027376 |             torch._dynamo
import time:        97 |    4027472 |           torch._dynamo._trace_wrapped_higher_order_op
import time:      5221 |    4043007 |         transformers.masking_utils
import time:      1873 |       1873 |         transformers.tokenization_python
import time:      2283 |       2283 |                 safetensors._safetensors_rust
import time:       884 |       3166 |               safetensors
import time:      1474 |       4640 |             safetensors.torch
import time:      2042 |       6681 |           transformers.pytorch_utils
import time:      6564 |      13244 |         transformers.generation.candidate_generator
import time:      3317 |       3317 |                   psutil._common
import time:     11453 |      11453 |                   psutil._ntuples
import time:       332 |        332 |                     resource
import time:      2540 |       2540 |                     psutil._psposix
import time:      1307 |       1307 |                     psutil._psutil_linux
import time:      6925 |      11103 |                   psutil._pslinux
import time:      8050 |      33921 |                 psutil
import time:      7325 |      41246 |               transformers.generation.continuous_batching.requests
import time:     10713 |      51958 |             transformers.generation.continuous_batching.cache_manager
import time:      1232 |       1232 |             transformers.generation.continuous_batching.distributed
import time:      1603 |       1603 |               transformers.modeling_flash_attention_utils
import time:      2656 |       2656 |               transformers.generation.continuous_batching.utils
import time:      2889 |       7146 |             transformers.generation.continuous_batching.initialization
import time:      3805 |      64140 |           transformers.generation.continuous_batching.cache
import time:       994 |        994 |             tqdm.contrib.logging
import time:      1456 |       1456 |             transformers.generation.continuous_batching.cb_logits_processors
import time:      3402 |       3402 |             transformers.generation.continuous_batching.input_outputs
import time:      1561 |       1561 |             transformers.generation.continuous_batching.model_runner
import time:      2259 |       2259 |               transformers.generation.continuous_batching.scheduler
import time:      1651 |       3910 |             transformers.generation.continuous_batching.offloading_manager
import time:     23706 |      35026 |           transformers.generation.continuous_batching.continuous_api
import time:      2986 |     102151 |         transformers.generation.continuous_batching
import time:      1884 |       1884 |         transformers.generation.stopping_criteria
import time:     22572 |    4215310 |       transformers.models.auto.auto_factory
import time:       798 |        798 |         tokenizers.trainers
import time:      4228 |       5026 |       transformers.tokenization_utils_tokenizers
import time:    778691 |    8131076 |     app.plugins.translator.offline_translator_impl
import time:       331 |        331 |       app.plugins.inpainter
import time:      1060 |       1391 |     app.plugins.inpainter.lama_impl
import time:       257 |        257 |       app.plugins.upscaler
import time:       744 |       1000 |     app.plugins.upscaler.esrgan_impl
import time:       249 |        249 |       app.plugins.colorizer
import time:       689 |        938 |     app.plugins.colorizer.mc2_impl
import time:       230 |        230 |       app.plugins.renderer
import time:       690 |        919 |     app.plugins.renderer.pillow_impl
import time:     13612 |   14791680 |   app.core.pipeline
import time:       438 |        438 |       desktop_ui.config
import time:       294 |        294 |         ruamel
import time:       270 |        270 |           _ruamel_yaml
import time:       160 |        160 |           _ruamel_yaml_clibz
import time:      1004 |       1433 |         ruamel.yaml.cyaml
import time:      2633 |       2633 |           ruamel.yaml.error
import time:       896 |        896 |               ruamel.yaml.docinfo
import time:      1667 |       2562 |             ruamel.yaml.compat
import time:      2289 |       4851 |           ruamel.yaml.tokens
import time:      1122 |       1122 |             ruamel.yaml.tag
import time:      2248 |       3369 |           ruamel.yaml.events
import time:       964 |        964 |           ruamel.yaml.nodes
import time:       876 |        876 |               ruamel.yaml.util
import time:      1652 |       2528 |             ruamel.yaml.reader
import time:      2888 |       2888 |             ruamel.yaml.scanner
import time:       913 |        913 |                   ruamel.yaml.anchor
import time:      2257 |       3170 |                 ruamel.yaml.scalarstring
import time:      5867 |       9036 |               ruamel.yaml.comments
import time:      2954 |      11989 |             ruamel.yaml.parser
import time:      1076 |       1076 |             ruamel.yaml.composer
import time:      1256 |       1256 |               ruamel.yaml.scalarint
import time:       899 |        899 |               ruamel.yaml.scalarfloat
import time:       589 |        589 |               ruamel.yaml.scalarbool
import time:       772 |        772 |               ruamel.yaml.timestamp
import time:      4781 |       8295 |             ruamel.yaml.constructor
import time:      1944 |       1944 |             ruamel.yaml.resolver
import time:      7530 |      36248 |           ruamel.yaml.loader
import time:      3321 |       3321 |             ruamel.yaml.emitter
import time:      1408 |       1408 |             ruamel.yaml.serializer
import time:      2295 |       2295 |             ruamel.yaml.representer
import time:      4582 |      11605 |           ruamel.yaml.dumper
import time:       246 |        246 |           _ruamel_yaml
import time:      5954 |      65867 |         ruamel.yaml.main
import time:      2444 |      70037 |       ruamel.yaml
import time:       569 |        569 |       app.core.utils
import time:       933 |        933 |       app.core.base_config
import time:      2586 |      74561 |     desktop_ui.config.loader
import time:       550 |        550 |     desktop_ui.config.schema
import time:       772 |        772 |     desktop_ui.config.localizer
import time:      1578 |       1578 |     desktop_ui.config.repair
import time:      1671 |       1671 |     desktop_ui.config.capabilities
import time:      1364 |       1364 |     desktop_ui.config.registry
import time:      2738 |      83229 |   desktop_ui.config_loader
import time:      1973 |       1973 |     desktop_ui.mainwindow.widgets_helper
import time:       537 |        537 |       desktop_ui.mainwindow.ui_utils
import time:      2570 |       3106 |     desktop_ui.mainwindow.widget_builders
import time:      1951 |       1951 |     desktop_ui.mainwindow.job_runner
import time:      1160 |       1160 |     desktop_ui.mainwindow.console
import time:      7255 |       7255 |     desktop_ui.mainwindow.handlers
import time:      6970 |      22412 |   desktop_ui.mainwindow
import time:    131983 |   15455137 | desktop_ui.main_window
import time:       268 |        268 | tabulate
